time (s), lifter (10cm), left pedal pos (10cm), left slider pos (10cm), right pedal pos (10cm), right slider pos (10cm), stock left extend pos (10cm), stock left slider pos (10cm), stock right extend pos (10cm), stock right slider pos (10cm), lifter current (A), left pedal current (A), left slider current (A), right pedal current (A), right slider current (A), stock left extend current (A), stock left slider current (A), stock right extend current (A), stock right slider current (A)
0,0,0,0,0,0,0,0,0,0,0.007,-0.001,0.006,0.015,0.016,0.098,-0.087,-0.016,-0.053,
0.01,0,0,0,0,0,0,0,0,0,0.007,-0.001,0.006,0.015,0.016,0.098,-0.087,-0.016,-0.053,
0.02,0,0,0,0,0,0,0,0,0,0.041,-0.001,0.006,0.015,0.016,0.098,-0.087,-0.016,-0.053,
0.03,0,0,0,0,0,0,0,0,0,0.041,-0.001,-0.039,0.015,0.005,-0.046,-0.087,-0.016,-0.053,
0.04,0,0,0,0,0,0,0,0,0,0.041,-0.001,-0.039,0.015,0.005,-0.046,-0.019,-0.004,0.004,
0.05,0,0,0,0,0,0,0,0,0,0.041,-0.001,-0.039,0.015,0.005,-0.046,-0.019,-0.004,0.004,
0.06,0,0,0,0,0,0,0,0,0,0.041,-0.001,-0.039,0.015,0.005,-0.046,-0.019,-0.004,0.004,
0.07,0,0,0,0,0,0,0,0,0,0.041,-0.001,-0.039,0.015,0.005,-0.046,-0.019,-0.004,0.004,
0.08,0,0,0,0,0,0,0,0,0,0.041,-0.001,-0.039,0.015,0.005,-0.046,-0.019,-0.004,0.004,
0.09,0,0,0,0,0,0,0,0,0,0.029,-0.001,0.006,0.015,0.005,-0.046,-0.019,-0.004,0.004,
0.09999999,0,0,0,0,0,0,0,0,0,0.029,-0.001,0.006,0.01,-0.006,-0.023,-0.008,-0.016,0.004,
0.11,0,0,0,0,0,0,0,0,0,0.029,-0.001,0.006,0.01,-0.006,-0.023,-0.008,-0.016,0.027,
0.12,0,0,0,0,0,0,0,0,0,0.029,-0.001,0.006,0.01,-0.006,-0.023,-0.008,-0.016,0.027,
0.13,0,0,0,0,0,0,0,0,0,0.029,-0.001,0.006,0.01,-0.006,-0.023,-0.008,-0.016,0.027,
0.14,0,0,0,0,0,0,0,0,0,0.029,-0.001,0.006,0.01,-0.006,-0.023,-0.008,-0.016,0.027,
0.15,0,0,0,0,0,0,0,0,0,0.029,-0.001,0.006,0.01,-0.006,-0.023,-0.008,-0.016,0.027,
0.16,0,0,0,0,0,0,0,0,0,0.029,-0.001,0.04,-0.007,-0.006,-0.023,-0.008,-0.016,0.027,
0.17,0,0,0,0,0,0,0,0,0,0.029,-0.001,0.04,-0.007,0.016,-0.021,-0.065,0.007,0.027,
0.18,0,0,0,0,0,0,0,0,0,0.029,-0.001,0.04,-0.007,0.016,-0.021,-0.065,0.007,0.004,
0.19,0,0,0,0,0,0,0,0,0,0.029,-0.001,0.04,-0.007,0.016,-0.021,-0.065,0.007,0.004,
0.2,0,0,0,0,0,0,0,0,0,0.029,-0.001,0.04,-0.007,0.016,-0.021,-0.065,0.007,0.004,
0.21,0,0,0,0,0,0,0,0,0,0.029,-0.001,0.04,-0.007,0.016,-0.021,-0.065,0.007,0.004,
0.22,0,0,0,0,0,0,0,0,0,-0.016,0.01,0.04,-0.007,0.016,-0.021,-0.065,0.007,0.004,
0.23,0,0,0,0,0,0,0,0,0,-0.016,0.01,-0.022,0.015,0.016,-0.066,0.004,0.007,0.004,
0.24,0,0,0,0,0,0,0,0,0,-0.016,0.01,-0.022,0.015,0.016,-0.066,0.004,0.03,0.061,
0.25,0,0,0,0,0,0,0,0,0,-0.016,0.01,-0.022,0.015,0.016,-0.066,0.004,0.03,0.061,
0.26,0,0,0,0,0,0,0,0,0,-0.016,0.01,-0.022,0.015,0.016,-0.066,0.004,0.03,0.061,
0.27,0,0,0,0,0,0,0,0,0,-0.016,0.01,-0.022,0.015,0.016,-0.066,0.004,0.03,0.061,
0.28,0,0,0,0,0,0,0,0,0,-0.016,0.01,-0.022,0.015,0.016,-0.066,0.004,0.03,0.061,
0.29,0,0,0,0,0,0,0,0,0,-0.016,-0.001,0,-0.018,0.011,-0.066,0.004,0.03,0.061,
0.3,0,0,0,0,0,0,0,0,0,-0.016,-0.001,0,-0.018,0.011,-0.076,0.027,-0.004,-0.019,
0.31,0,0,0,0,0,0,0,0,0,-0.016,-0.001,0,-0.018,0.011,-0.076,0.027,-0.004,-0.019,
0.32,0,0,0,0,0,0,0,0,0,-0.016,-0.001,0,-0.018,0.011,-0.076,0.027,-0.004,-0.019,
0.33,0,0,0,0,0,0,0,0,0,-0.016,-0.001,0,-0.018,0.011,-0.076,0.027,-0.004,-0.019,
0.34,0,0,0,0,0,0,0,0,0,-0.016,-0.001,0,-0.018,0.011,-0.076,0.027,-0.004,-0.019,
0.35,0,0,0,0,0,0,0,0,0,-0.016,-0.001,0,-0.018,0.011,-0.076,0.027,-0.004,-0.019,
0.36,0,0,0,0,0,0,0,0,0,0.018,-0.012,-0.017,0.021,0.011,-0.076,0.027,-0.004,-0.019,
0.37,0,0,0,0,0,0,0,0,0,0.018,-0.012,-0.017,0.021,-0.023,0.022,0.027,0.03,-0.019,
0.38,0,0,0,0,0,0,0,0,0,0.018,-0.012,-0.017,0.021,-0.023,0.022,0.027,0.03,0.004,
0.39,0,0,0,0,0,0,0,0,0,0.018,-0.012,-0.017,0.021,-0.023,0.022,0.027,0.03,0.004,
0.4,0,0,0,0,0,0,0,0,0,0.018,-0.012,-0.017,0.021,-0.023,0.022,0.027,0.03,0.004,
0.41,0,0,0,0,0,0,0,0,0,0.018,-0.012,-0.017,0.021,-0.023,0.022,0.027,0.03,0.004,
0.42,0,0,0,0,0,0,0,0,0,0.018,-0.012,-0.017,0.021,-0.023,0.022,0.027,0.03,0.004,
0.43,0,0,0,0,0,0,0,0,0,-0.073,-0.001,-0.017,0.021,-0.023,0.022,0.027,0.03,0.004,
0.44,0,0,0,0,0,0,0,0,0,-0.073,-0.001,0.006,0.01,-0.023,0.022,0.027,0.03,0.004,
0.45,0,0,0,0,0,0,0,0,0,-0.073,-0.001,0.006,0.01,-0.023,0.032,-0.053,0.019,0.016,
0.46,0,0,0,0,0,0,0,0,0,-0.073,-0.001,0.006,0.01,-0.023,0.032,-0.053,0.019,0.016,
0.47,0,0,0,0,0,0,0,0,0,-0.073,-0.001,0.006,0.01,-0.023,0.032,-0.053,0.019,0.016,
0.48,0,0,0,0,0,0,0,0,0,-0.073,-0.001,0.006,0.01,-0.023,0.032,-0.053,0.019,0.016,
0.49,0,0,0,0,0,0,0,0,0,-0.073,-0.001,0.006,0.01,-0.023,0.032,-0.053,0.019,0.016,
0.5,0,0,0,0,0,0,0,0,0,-0.073,-0.001,0.006,0.01,-0.023,0.032,-0.053,0.019,0.016,
0.51,0,0,0,0,0,0,0,0,0,0.052,-0.001,0,0.01,-0.023,0.032,-0.053,0.019,0.016,
0.52,0,0,0,0,0,0,0,0,0,0.052,-0.001,0,-0.035,0.016,-0.046,-0.019,0.019,0.016,
0.53,0,0,0,0,0,0,0,0,0,0.052,-0.001,0,-0.035,0.016,-0.046,-0.019,-0.004,0.05,
0.54,0,0,0,0,0,0,0,0,0,0.052,-0.001,0,-0.035,0.016,-0.046,-0.019,-0.004,0.05,
0.55,0,0,0,0,0,0,0,0,0,0.052,-0.001,0,-0.035,0.016,-0.046,-0.019,-0.004,0.05,
0.56,0,0,0,0,0,0,0,0,0,0.052,-0.001,0,-0.035,0.016,-0.046,-0.019,-0.004,0.05,
0.57,0,0,0,0,0,0,0,0,0,0.052,-0.001,0,-0.035,0.016,-0.046,-0.019,-0.004,0.05,
0.58,0,0,0,0,0,0,0,0,0,-0.005,-0.001,0,-0.035,0.016,-0.046,-0.019,-0.004,0.05,
0.59,0,0,0,0,0,0,0,0,0,-0.005,-0.001,0.034,0.01,0.016,-0.046,-0.019,-0.004,0.05,
0.6,0,0,0,0,0,0,0,0,0,-0.005,-0.001,0.034,0.01,0.005,-0.076,0.004,-0.004,0.05,
0.61,0,0,0,0,0,0,0,0,0,-0.005,-0.001,0.034,0.01,0.005,-0.076,0.004,-0.004,0.027,
0.62,0,0,0,0,0,0,0,0,0,-0.005,-0.001,0.034,0.01,0.005,-0.076,0.004,-0.004,0.027,
0.63,0,0,0,0,0,0,0,0,0,-0.005,-0.001,0.034,0.01,0.005,-0.076,0.004,-0.004,0.027,
0.64,0,0,0,0,0,0,0,0,0,-0.005,-0.001,0.034,0.01,0.005,-0.076,0.004,-0.004,0.027,
0.65,0,0,0,0,0,0,0,0,0,-0.005,-0.001,0.034,0.01,0.005,-0.076,0.004,-0.004,0.027,
0.66,0,0,0,0,0,0,0,0,0,0.018,-0.001,0.034,0.01,0.005,-0.076,0.004,-0.004,0.027,
0.67,0,0,0,0,0,0,0,0,0,0.018,-0.001,0.006,0.015,0.033,-0.076,0.004,-0.004,0.027,
0.68,0,0,0,0,0,0,0,0,0,0.018,-0.001,0.006,0.015,0.033,0.032,0.027,-0.004,0.027,
0.69,0,0,0,0,0,0,0,0,0,0.018,-0.001,0.006,0.015,0.033,0.032,0.027,-0.004,0.016,
0.7,0,0,0,0,0,0,0,0,0,0.018,-0.001,0.006,0.015,0.033,0.032,0.027,-0.004,0.016,
0.71,0,0,0,0,0,0,0,0,0,0.018,-0.001,0.006,0.015,0.033,0.032,0.027,-0.004,0.016,
0.72,0,0,0,0,0,0,0,0,0,0.018,-0.001,0.006,0.015,0.033,0.032,0.027,-0.004,0.016,
0.73,0,0,0,0,0,0,0,0,0,0.018,-0.001,0.006,0.015,0.033,0.032,0.027,-0.004,0.016,
0.74,0,0,0,0,0,0,0,0,0,-0.005,0.01,0.028,0.015,0.033,0.032,0.027,-0.004,0.016,
0.75,0,0,0,0,0,0,0,0,0,-0.005,0.01,0.028,0.021,-0.012,-0.076,0.027,-0.004,0.016,
0.76,0,0,0,0,0,0,0,0,0,-0.005,0.01,0.028,0.021,-0.012,-0.076,-0.087,0.03,0.004,
0.77,0,0,0,0,0,0,0,0,0,-0.005,0.01,0.028,0.021,-0.012,-0.076,-0.087,0.03,0.004,
0.78,0,0,0,0,0,0,0,0,0,-0.005,0.01,0.028,0.021,-0.012,-0.076,-0.087,0.03,0.004,
0.79,0,0,0,0,0,0,0,0,0,-0.005,0.01,0.028,0.021,-0.012,-0.076,-0.087,0.03,0.004,
0.8,0,0,0,0,0,0,0,0,0,-0.005,0.01,0.028,0.021,-0.012,-0.076,-0.087,0.03,0.004,
0.81,0,0,0,0,0,0,0,0,0,-0.005,0.01,0.028,0.021,-0.012,-0.076,-0.087,0.03,0.004,
0.82,0,0,0,0,0,0,0,0,0,0.029,-0.012,-0.011,-0.018,-0.012,-0.076,-0.087,0.03,0.004,
0.83,0,0,0,0,0,0,0,0,0,0.029,-0.012,-0.011,-0.018,-0.029,0.055,0.015,0.03,0.004,
0.84,0,0,0,0,0,0,0,0,0,0.029,-0.012,-0.011,-0.018,-0.029,0.055,0.015,-0.05,-0.019,
0.85,0,0,0,0,0,0,0,0,0,0.029,-0.012,-0.011,-0.018,-0.029,0.055,0.015,-0.05,-0.019,
0.86,0,0,0,0,0,0,0,0,0,0.029,-0.012,-0.011,-0.018,-0.029,0.055,0.015,-0.05,-0.019,
0.87,0,0,0,0,0,0,0,0,0,0.029,-0.012,-0.011,-0.018,-0.029,0.055,0.015,-0.05,-0.019,
0.88,0,0,0,0,0,0,0,0,0,0.029,-0.012,-0.011,-0.018,-0.029,0.055,0.015,-0.05,-0.019,
0.89,0,0,0,0,0,0,0,0,0,-0.016,-0.012,-0.011,-0.018,-0.029,0.055,0.015,-0.05,-0.019,
0.9,0,0,0,0,0,0,0,0,0,-0.016,-0.001,0.012,-0.013,0.011,0.055,0.015,-0.05,-0.019,
0.91,0,0,0,0,0,0,0,0,0,-0.016,-0.001,0.012,-0.013,0.011,0.012,-0.053,0.053,-0.019,
0.92,0,0,0,0,0,0,0,0,0,-0.016,-0.001,0.012,-0.013,0.011,0.012,-0.053,0.053,-0.098,
0.93,0,0,0,0,0,0,0,0,0,-0.016,-0.001,0.012,-0.013,0.011,0.012,-0.053,0.053,-0.098,
0.94,0,0,0,0,0,0,0,0,0,-0.016,-0.001,0.012,-0.013,0.011,0.012,-0.053,0.053,-0.098,
0.95,0,0,0,0,0,0,0,0,0,-0.016,-0.001,0.012,-0.013,0.011,0.012,-0.053,0.053,-0.098,
0.96,0,0,0,0,0,0,0,0,0,-0.016,-0.001,0.012,-0.013,0.011,0.012,-0.053,0.053,-0.098,
0.97,0,0,0,0,0,0,0,0,0,-0.016,-0.001,0.012,-0.013,0.011,0.012,-0.053,0.053,-0.098,
0.98,0,0,0,0,0,0,0,0,0,-0.028,-0.001,-0.005,-0.013,0.011,0.012,-0.053,0.053,-0.098,
0.9899999,0,0,0,0,0,0,0,0,0,-0.028,-0.001,-0.005,-0.03,-0.012,0.022,0.027,0.053,-0.098,
1,0,0,0,0,0,0,0,0,0,-0.028,-0.001,-0.005,-0.03,-0.012,0.022,0.027,0.007,-0.098,
1.01,0,0,0,0,0,0,0,0,0,-0.028,-0.001,-0.005,-0.03,-0.012,0.022,0.027,0.007,-0.098,
1.02,0,0,0,0,0,0,0,0,0,-0.028,-0.001,-0.005,-0.03,-0.012,0.022,0.027,0.007,-0.098,
1.03,0,0,0,0,0,0,0,0,0,-0.028,-0.001,-0.005,-0.03,-0.012,0.022,0.027,0.007,-0.098,
1.04,0,0,0,0,0,0,0,0,0,-0.028,-0.001,-0.005,-0.03,-0.012,0.022,0.027,0.007,-0.098,
1.05,0,0,0,0,0,0,0,0,0,0.029,-0.001,-0.005,-0.03,-0.012,0.022,0.027,0.007,-0.098,
1.06,0,0,0,0,0,0,0,0,0,0.029,0.01,0.023,0.015,-0.012,0.022,0.027,0.007,-0.098,
1.07,0,0,0,0,0,0,0,0,0,0.029,0.01,0.023,0.015,0.022,0.068,0.015,0.007,-0.098,
1.08,0,0,0,0,0,0,0,0,0,0.029,0.01,0.023,0.015,0.022,0.068,0.015,0.007,0.004,
1.09,0,0,0,0,0,0,0,0,0,0.029,0.01,0.023,0.015,0.022,0.068,0.015,0.007,0.004,
1.1,0,0,0,0,0,0,0,0,0,0.029,0.01,0.023,0.015,0.022,0.068,0.015,0.007,0.004,
1.11,0,0,0,0,0,0,0,0,0,0.029,0.01,0.023,0.015,0.022,0.068,0.015,0.007,0.004,
1.12,0,0,0,0,0,0,0,0,0,0.029,0.01,0.023,0.015,0.022,0.068,0.015,0.007,0.004,
1.13,0,0,0,0,0,0,0,0,0,-0.005,-0.001,0.023,0.015,0.022,0.068,0.015,0.007,0.004,
1.14,0,0,0,0,0,0,0,0,0,-0.005,-0.001,0.023,-0.052,-0.018,0.068,0.015,0.007,0.004,
1.15,0,0,0,0,0,0,0,0,0,-0.005,-0.001,0.023,-0.052,-0.018,0,-0.019,0.019,0.084,
1.16,0,0,0,0,0,0,0,0,0,-0.005,-0.001,0.023,-0.052,-0.018,0,-0.019,0.019,0.084,
1.17,0,0,0,0,0,0,0,0,0,-0.005,-0.001,0.023,-0.052,-0.018,0,-0.019,0.019,0.084,
1.18,0,0,0,0,0,0,0,0,0,-0.005,-0.001,0.023,-0.052,-0.018,0,-0.019,0.019,0.084,
1.19,0,0,0,0,0,0,0,0,0,-0.005,-0.001,0.023,-0.052,-0.018,0,-0.019,0.019,0.084,
1.2,0,0,0,0,0,0,0,0,0,0.018,-0.001,0.023,-0.052,-0.018,0,-0.019,0.019,0.084,
1.21,0,0,0,0,0,0,0,0,0,0.018,-0.001,0,-0.013,0.016,0,-0.019,0.019,0.084,
1.22,0,0,0,0,0,0,0,0,0,0.018,-0.001,0,-0.013,0.016,0.078,-0.11,-0.027,0.084,
1.23,0,0,0,0,0,0,0,0,0,0.018,-0.001,0,-0.013,0.016,0.078,-0.11,-0.027,0.004,
1.24,0,0,0,0,0,0,0,0,0,0.018,-0.001,0,-0.013,0.016,0.078,-0.11,-0.027,0.004,
1.25,0,0,0,0,0,0,0,0,0,0.018,-0.001,0,-0.013,0.016,0.078,-0.11,-0.027,0.004,
1.26,0,0,0,0,0,0,0,0,0,0.018,-0.001,0,-0.013,0.016,0.078,-0.11,-0.027,0.004,
1.27,0,0,0,0,0,0,0,0,0,0.018,-0.001,0,-0.013,0.016,0.078,-0.11,-0.027,0.004,
1.28,0,0,0,0,0,0,0,0,0,0.018,-0.001,0.006,-0.024,-0.018,0.078,-0.11,-0.027,0.004,
1.29,0,0,0,0,0,0,0,0,0,0.018,-0.001,0.006,-0.024,-0.018,-0.01,0.072,-0.016,0.027,
1.3,0,0,0,0,0,0,0,0,0,0.018,-0.001,0.006,-0.024,-0.018,-0.01,0.072,-0.016,0.027,
1.31,0,0,0,0,0,0,0,0,0,0.018,-0.001,0.006,-0.024,-0.018,-0.01,0.072,-0.016,0.027,
1.32,0,0,0,0,0,0,0,0,0,0.018,-0.001,0.006,-0.024,-0.018,-0.01,0.072,-0.016,0.027,
1.33,0,0,0,0,0,0,0,0,0,0.018,-0.001,0.006,-0.024,-0.018,-0.01,0.072,-0.016,0.027,
1.34,0,0,0,0,0,0,0,0,0,-0.05,-0.001,0.006,-0.024,-0.018,-0.01,0.072,-0.016,0.027,
1.35,0,0,0,0,0,0,0,0,0,-0.05,-0.012,0,-0.018,-0.006,0.045,0.072,-0.016,0.027,
1.36,0,0,0,0,0,0,0,0,0,-0.05,-0.012,0,-0.018,-0.006,0.045,-0.019,0.019,0.073,
1.37,0,0,0,0,0,0,0,0,0,-0.05,-0.012,0,-0.018,-0.006,0.045,-0.019,0.019,0.073,
1.38,0,0,0,0,0,0,0,0,0,-0.05,-0.012,0,-0.018,-0.006,0.045,-0.019,0.019,0.073,
1.39,0,0,0,0,0,0,0,0,0,-0.05,-0.012,0,-0.018,-0.006,0.045,-0.019,0.019,0.073,
1.4,0,0,0,0,0,0,0,0,0,-0.05,-0.012,0,-0.018,-0.006,0.045,-0.019,0.019,0.073,
1.41,0,0,0,0,0,0,0,0,0,0.041,-0.012,0,-0.018,-0.006,0.045,-0.019,0.019,0.073,
1.42,0,0,0,0,0,0,0,0,0,0.041,-0.012,0,-0.007,0.011,-0.122,0.015,-0.016,0.073,
1.43,0,0,0,0,0,0,0,0,0,0.041,-0.012,0,-0.007,0.011,-0.122,0.015,-0.016,0.027,
1.44,0,0,0,0,0,0,0,0,0,0.041,-0.012,0,-0.007,0.011,-0.122,0.015,-0.016,0.027,
1.45,0,0,0,0,0,0,0,0,0,0.041,-0.012,0,-0.007,0.011,-0.122,0.015,-0.016,0.027,
1.46,0,0,0,0,0,0,0,0,0,0.041,-0.012,0,-0.007,0.011,-0.122,0.015,-0.016,0.027,
1.47,0,0,0,0,0,0,0,0,0,0.041,-0.012,0,-0.007,0.011,-0.122,0.015,-0.016,0.027,
1.48,0,0,0,0,0,0,0,0,0,-0.016,0.01,0,-0.007,0.011,-0.122,0.015,-0.016,0.027,
1.49,0,0,0,0,0,0,0,0,0,-0.016,0.01,0,-0.013,0.039,0.022,-0.019,-0.016,0.027,
1.5,0,0,0,0,0,0,0,0,0,-0.016,0.01,0,-0.013,0.039,0.022,-0.019,-0.004,0.027,
1.51,0,0,0,0,0,0,0,0,0,-0.016,0.01,0,-0.013,0.039,0.022,-0.019,-0.004,0.027,
1.52,0,0,0,0,0,0,0,0,0,-0.016,0.01,0,-0.013,0.039,0.022,-0.019,-0.004,0.027,
1.53,0,0,0,0,0,0,0,0,0,-0.016,0.01,0,-0.013,0.039,0.022,-0.019,-0.004,0.027,
1.54,0,0,0,0,0,0,0,0,0,-0.016,0.01,0,-0.013,0.039,0.022,-0.019,-0.004,0.027,
1.55,0,0,0,0,0,0,0,0,0,0.007,0.01,0.04,-0.013,0.039,0.022,-0.019,-0.004,0.027,
1.56,0,0,0,0,0,0,0,0,0,0.007,0.01,0.04,0.01,0.005,0.045,-0.03,-0.004,0.027,
1.57,0,0,0,0,0,0,0,0,0,0.007,0.01,0.04,0.01,0.005,0.045,-0.03,-0.016,0.016,
1.58,0,0,0,0,0,0,0,0,0,0.007,0.01,0.04,0.01,0.005,0.045,-0.03,-0.016,0.016,
1.59,0,0,0,0,0,0,0,0,0,0.007,0.01,0.04,0.01,0.005,0.045,-0.03,-0.016,0.016,
1.6,0,0,0,0,0,0,0,0,0,0.007,0.01,0.04,0.01,0.005,0.045,-0.03,-0.016,0.016,
1.61,0,0,0,0,0,0,0,0,0,0.007,0.01,0.04,0.01,0.005,0.045,-0.03,-0.016,0.016,
1.62,0,0,0,0,0,0,0,0,0,0.007,0.01,0.04,0.01,0.005,0.045,-0.03,-0.016,0.016,
1.63,0,0,0,0,0,0,0,0,0,-0.039,-0.001,-0.017,0.01,0.005,0.045,-0.03,-0.016,0.016,
1.64,0,0,0,0,0,0,0,0,0,-0.039,-0.001,-0.017,0.01,0.022,0,0.049,-0.027,0.016,
1.65,0,0,0,0,0,0,0,0,0,-0.039,-0.001,-0.017,0.01,0.022,0,0.049,-0.027,-0.007,
1.66,0,0,0,0,0,0,0,0,0,-0.039,-0.001,-0.017,0.01,0.022,0,0.049,-0.027,-0.007,
1.67,0,0,0,0,0,0,0,0,0,-0.039,-0.001,-0.017,0.01,0.022,0,0.049,-0.027,-0.007,
1.68,0,0,0,0,0,0,0,0,0,-0.039,-0.001,-0.017,0.01,0.022,0,0.049,-0.027,-0.007,
1.69,0,0,0,0,0,0,0,0,0,0.052,0.01,0.028,0.01,0.022,0,0.049,-0.027,-0.007,
1.7,0,0,0,0,0,0,0,0,0,0.052,0.01,0.028,0.027,0.005,-0.026,0.038,-0.027,-0.007,
1.71,0,0,0,0,0,0,0,0,0,0.052,0.01,0.028,0.027,0.005,-0.026,0.038,-0.004,0.038,
1.72,0,0,0,0,0,0,0,0,0,0.052,0.01,0.028,0.027,0.005,-0.026,0.038,-0.004,0.038,
1.73,0,0,0,0,0,0,0,0,0,0.052,0.01,0.028,0.027,0.005,-0.026,0.038,-0.004,0.038,
1.74,0,0,0,0,0,0,0,0,0,0.052,0.01,0.028,0.027,0.005,-0.026,0.038,-0.004,0.038,
1.75,0,0,0,0,0,0,0,0,0,0.052,0.01,0.028,0.027,0.005,-0.026,0.038,-0.004,0.038,
1.76,0,0,0,0,0,0,0,0,0,0.007,-0.012,-0.022,0.027,0.005,-0.026,0.038,-0.004,0.038,
1.77,0,0,0,0,0,0,0,0,0,0.007,-0.012,-0.022,-0.018,0.005,0.078,0.072,-0.004,0.038,
1.78,0,0,0,0,0,0,0,0,0,0.007,-0.012,-0.022,-0.018,0.005,0.078,0.072,0.007,-0.019,
1.79,0,0,0,0,0,0,0,0,0,0.007,-0.012,-0.022,-0.018,0.005,0.078,0.072,0.007,-0.019,
1.8,0,0,0,0,0,0,0,0,0,0.007,-0.012,-0.022,-0.018,0.005,0.078,0.072,0.007,-0.019,
1.81,0,0,0,0,0,0,0,0,0,0.007,-0.012,-0.022,-0.018,0.005,0.078,0.072,0.007,-0.019,
1.82,0,0,0,0,0,0,0,0,0,0.007,-0.012,-0.022,-0.018,0.005,0.078,0.072,0.007,-0.019,
1.83,0,0,0,0,0,0,0,0,0,-0.016,-0.001,-0.005,-0.018,0.005,0.078,0.072,0.007,-0.019,
1.84,0,0,0,0,0,0,0,0,0,-0.016,-0.001,-0.005,-0.018,0.027,0.022,0.038,0.019,-0.019,
1.85,0,0,0,0,0,0,0,0,0,-0.016,-0.001,-0.005,-0.018,0.027,0.022,0.038,0.019,0.05,
1.86,0,0,0,0,0,0,0,0,0,-0.016,-0.001,-0.005,-0.018,0.027,0.022,0.038,0.019,0.05,
1.87,0,0,0,0,0,0,0,0,0,-0.016,-0.001,-0.005,-0.018,0.027,0.022,0.038,0.019,0.05,
1.88,0,0,0,0,0,0,0,0,0,-0.016,-0.001,-0.005,-0.018,0.027,0.022,0.038,0.019,0.05,
1.89,0,0,0,0,0,0,0,0,0,-0.016,0.01,-0.005,-0.018,0.027,0.022,0.038,0.019,0.05,
1.9,0,0,0,0,0,0,0,0,0,-0.016,0.01,-0.011,0.021,0.027,0.022,0.038,0.019,0.05,
1.91,0,0,0,0,0,0,0,0,0,-0.016,0.01,-0.011,0.021,-0.006,0.012,0.038,0.019,0.05,
1.92,0,0,0,0,0,0,0,0,0,-0.016,0.01,-0.011,0.021,-0.006,0.012,0.027,0.007,0.016,
1.93,0,0,0,0,0,0,0,0,0,-0.016,0.01,-0.011,0.021,-0.006,0.012,0.027,0.007,0.016,
1.94,0,0,0,0,0,0,0,0,0,-0.016,0.01,-0.011,0.021,-0.006,0.012,0.027,0.007,0.016,
1.95,0,0,0,0,0,0,0,0,0,-0.016,0.01,-0.011,0.021,-0.006,0.012,0.027,0.007,0.016,
1.96,0,0,0,0,0,0,0,0,0,-0.016,0.01,-0.011,0.021,-0.006,0.012,0.027,0.007,0.016,
1.97,0,0,0,0,0,0,0,0,0,-0.016,0.01,-0.011,0.021,-0.006,0.012,0.027,0.007,0.016,
1.98,0,0,0,0,0,0,0,0,0,0.075,0.01,-0.011,0.021,-0.006,0.012,0.027,0.007,0.016,
1.99,0,0,0,0,0,0,0,0,0,0.075,-0.012,0,-0.018,-0.006,0.012,0.027,0.007,0.016,
2,0,0,0,0,0,0,0,0,0,0.075,-0.012,0,-0.018,0.011,-0.089,-0.042,0.019,0.016,
2.01,0,0,0,0,0,0,0,0,0,0.075,-0.012,0,-0.018,0.011,-0.089,-0.042,0.019,0.004,
2.02,0,0,0,0,0,0,0,0,0,0.075,-0.012,0,-0.018,0.011,-0.089,-0.042,0.019,0.004,
2.03,0,0,0,0,0,0,0,0,0,0.075,-0.012,0,-0.018,0.011,-0.089,-0.042,0.019,0.004,
2.04,0,0,0,0,0,0,0,0,0,0.075,-0.012,0,-0.018,0.011,-0.089,-0.042,0.019,0.004,
2.05,0,0,0,0,0,0,0,0,0,0.075,-0.012,0,-0.018,0.011,-0.089,-0.042,0.019,0.004,
2.06,0,0,0,0,0,0,0,0,0,0.041,-0.001,0,-0.018,0.011,-0.089,-0.042,0.019,0.004,
2.07,0,0,0,0,0,0,0,0,0,0.041,-0.001,0.034,0.032,0.033,-0.089,-0.042,0.019,0.004,
2.08,0,0,0,0,0,0,0,0,0,0.041,-0.001,0.034,0.032,0.033,0.01,-0.042,0.007,-0.087,
2.09,0,0,0,0,0,0,0,0,0,0.041,-0.001,0.034,0.032,0.033,0.01,-0.042,0.007,-0.087,
2.1,0,0,0,0,0,0,0,0,0,0.041,-0.001,0.034,0.032,0.033,0.01,-0.042,0.007,-0.087,
2.11,0,0,0,0,0,0,0,0,0,0.041,-0.001,0.034,0.032,0.033,0.01,-0.042,0.007,-0.087,
2.12,0,0,0,0,0,0,0,0,0,0.041,-0.001,0.034,0.032,0.033,0.01,-0.042,0.007,-0.087,
2.13,0,0,0,0,0,0,0,0,0,0.041,-0.001,0.034,0.032,0.033,0.01,-0.042,0.007,-0.087,
2.14,0,0,0,0,0,0,0,0,0,-0.005,-0.001,-0.005,-0.013,0.033,0.01,-0.042,0.007,-0.087,
2.15,0,0,0,0,0,0,0,0,0,-0.005,-0.001,-0.005,-0.013,0.022,0,-0.042,0.007,-0.087,
2.16,0,0,0,0,0,0,0,0,0,-0.005,-0.001,-0.005,-0.013,0.022,0,-0.042,-0.004,0.038,
2.17,0,0,0,0,0,0,0,0,0,-0.005,-0.001,-0.005,-0.013,0.022,0,-0.042,-0.004,0.038,
2.18,0,0,0,0,0,0,0,0,0,-0.005,-0.001,-0.005,-0.013,0.022,0,-0.042,-0.004,0.038,
2.19,0,0,0,0,0,0,0,0,0,-0.005,-0.001,-0.005,-0.013,0.022,0,-0.042,-0.004,0.038,
2.2,0,0,0,0,0,0,0,0,0,-0.005,-0.001,-0.005,-0.013,0.022,0,-0.042,-0.004,0.038,
2.21,0,0,0,0,0,0,0,0,0,-0.016,-0.001,-0.005,-0.013,0.022,0,-0.042,-0.004,0.038,
2.22,0,0,0,0,0,0,0,0,0,-0.016,-0.001,-0.011,0.038,0.022,0,-0.042,-0.004,0.038,
2.23,0,0,0,0,0,0,0,0,0,-0.016,-0.001,-0.011,0.038,0.022,-0.046,-0.03,0.019,0.038,
2.24,0,0,0,0,0,0,0,0,0,-0.016,-0.001,-0.011,0.038,0.022,-0.046,-0.03,0.019,0.038,
2.25,0,0,0,0,0,0,0,0,0,-0.016,-0.001,-0.011,0.038,0.022,-0.046,-0.03,0.019,0.038,
2.26,0,0,0,0,0,0,0,0,0,-0.016,-0.001,-0.011,0.038,0.022,-0.046,-0.03,0.019,0.038,
2.27,0,0,0,0,0,0,0,0,0,-0.016,-0.001,-0.011,0.038,0.022,-0.046,-0.03,0.019,0.038,
2.28,0,0,0,0,0,0,0,0,0,-0.016,-0.001,-0.011,0.038,0.022,-0.046,-0.03,0.019,0.038,
2.29,0,0,0,0,0,0,0,0,0,0.007,-0.001,-0.011,0.038,0.022,-0.046,-0.03,0.019,0.038,
2.3,0,0,0,0,0,0,0,0,0,0.007,-0.001,0.006,0.038,-0.001,-0.046,-0.03,0.019,0.038,
2.31,0,0,0,0,0,0,0,0,0,0.007,-0.001,0.006,0.038,-0.001,0.035,-0.042,-0.027,0.027,
2.32,0,0,0,0,0,0,0,0,0,0.007,-0.001,0.006,0.038,-0.001,0.035,-0.042,-0.027,0.027,
2.33,0,0,0,0,0,0,0,0,0,0.007,-0.001,0.006,0.038,-0.001,0.035,-0.042,-0.027,0.027,
2.34,0,0,0,0,0,0,0,0,0,0.007,-0.001,0.006,0.038,-0.001,0.035,-0.042,-0.027,0.027,
2.35,0,0,0,0,0,0,0,0,0,0.007,-0.001,0.006,0.038,-0.001,0.035,-0.042,-0.027,0.027,
2.36,0,0,0,0,0,0,0,0,0,0.007,-0.001,0.006,0.038,-0.001,0.035,-0.042,-0.027,0.027,
2.37,0,0,0,0,0,0,0,0,0,0.052,-0.012,0.017,0.038,-0.001,0.035,-0.042,-0.027,0.027,
2.38,0,0,0,0,0,0,0,0,0,0.052,-0.012,0.017,0.038,-0.001,0.035,-0.042,-0.027,0.027,
2.39,0,0,0,0,0,0,0,0,0,0.052,-0.012,0.017,0.038,-0.001,0.035,-0.042,-0.027,0.027,
2.4,0,0,0,0,0,0,0,0,0,0.052,-0.012,0.017,0.038,-0.001,0.035,-0.042,-0.027,0.027,
2.41,0,0,0,0,0,0,0,0,0,0.052,-0.012,0.017,-0.013,-0.001,0.035,-0.042,-0.027,0.027,
2.42,0,0,0,0,0,0,0,0,0,0.052,-0.012,0.017,-0.013,-0.001,0.035,-0.042,-0.027,0.027,
2.43,0,0,0,0,0,0,0,0,0,0.052,-0.012,0.017,-0.013,-0.012,-0.266,-0.042,-0.027,0.027,
2.44,0,0,0,0,0,0,0,0,0,0.052,-0.012,0.017,-0.013,-0.012,-0.266,0.038,-0.004,0.038,
2.45,0,0,0,0,0,0,0,0,0,0.052,-0.012,0.017,-0.013,-0.012,-0.266,0.038,-0.004,0.038,
2.46,0,0,0,0,0,0,0,0,0,0.052,-0.012,0.017,-0.013,-0.012,-0.266,0.038,-0.004,0.038,
2.47,0,0,0,0,0,0,0,0,0,0.052,-0.012,0.017,-0.013,-0.012,-0.266,0.038,-0.004,0.038,
2.48,0,0,0,0,0,0,0,0,0,0.052,-0.012,0.017,-0.013,-0.012,-0.266,0.038,-0.004,0.038,
2.49,0,0,0,0,0,0,0,0,0,0.052,-0.012,0.017,-0.013,-0.012,-0.266,0.038,-0.004,0.038,
2.5,0,0,0,0,0,0,0,0,0,-0.016,-0.001,-0.005,-0.013,-0.012,-0.266,0.038,-0.004,0.038,
2.51,0,0,0,0,0,0,0,0,0,-0.016,-0.001,-0.005,0.032,-0.006,-0.511,-0.065,-0.004,0.038,
2.52,0,0,0,0,0,0,0,0,0,-0.016,-0.001,-0.005,0.032,-0.006,-0.511,-0.065,0.019,-0.019,
2.53,0,0,0,0,0,0,0,0,0,-0.016,-0.001,-0.005,0.032,-0.006,-0.511,-0.065,0.019,-0.019,
2.54,0,0,0,0,0,0,0,0,0,-0.016,-0.001,-0.005,0.032,-0.006,-0.511,-0.065,0.019,-0.019,
2.55,0,0,0,0,0,0,0,0,0,-0.016,-0.001,-0.005,0.032,-0.006,-0.511,-0.065,0.019,-0.019,
2.56,0,0,0,0,0,0.01,0,0,0,-0.016,-0.001,-0.005,0.032,-0.006,-0.511,-0.065,0.019,-0.019,
2.57,0,0,0,0,0,0.01,0,0,0,-0.028,-0.001,-0.005,0.032,-0.006,-0.511,-0.065,0.019,-0.019,
2.58,0,0,0,0,0,0.01,0,0,0,-0.028,-0.001,-0.022,-0.002,0.016,-0.511,-0.065,0.019,-0.019,
2.59,0,0,0,0,0,0.01,0,0,0,-0.028,-0.001,-0.022,-0.002,0.016,-0.563,0.084,0.019,0.118,
2.6,0,0,0,0,0,0.01,0,0,0,-0.028,-0.001,-0.022,-0.002,0.016,-0.563,0.084,0.019,0.118,
2.61,0,0,0,0,0,0.01,0,0,0,-0.028,-0.001,-0.022,-0.002,0.016,-0.563,0.084,0.019,0.118,
2.62,0,0,0,0,0,0.01,0,0,0,-0.028,-0.001,-0.022,-0.002,0.016,-0.563,0.084,0.019,0.118,
2.63,0,0,0,0,0,0.01,0,0,0,-0.028,-0.001,-0.022,-0.002,0.016,-0.563,0.084,0.019,0.118,
2.64,0,0,0,0,0,0.04,0,0,0,-0.028,-0.001,-0.022,-0.002,0.016,-0.563,0.084,0.019,0.118,
2.65,0,0,0,0,0,0.04,0,0,0,-0.005,-0.012,0.028,-0.002,0.016,-0.563,0.084,0.019,0.118,
2.66,0,0,0,0,0,0.04,0,0,0,-0.005,-0.012,0.028,-0.013,0.005,-0.415,-0.087,0.019,0.118,
2.67,0,0,0,0,0,0.04,0,0,0,-0.005,-0.012,0.028,-0.013,0.005,-0.415,-0.087,0.007,0.084,
2.68,0,0,0,0,0,0.04,0,0,0,-0.005,-0.012,0.028,-0.013,0.005,-0.415,-0.087,0.007,0.084,
2.69,0,0,0,0,0,0.04,0,0,0,-0.005,-0.012,0.028,-0.013,0.005,-0.415,-0.087,0.007,0.084,
2.7,0,0,0,0,0,0.04,0,0,0,-0.005,-0.012,0.028,-0.013,0.005,-0.415,-0.087,0.007,0.084,
2.71,0,0,0,0,0,0.07,0,0,0,-0.005,-0.012,0.028,-0.013,0.005,-0.415,-0.087,0.007,0.084,
2.72,0,0,0,0,0,0.07,0,0,0,-0.005,-0.012,0.028,-0.013,0.005,-0.415,-0.087,0.007,0.084,
2.73,0,0,0,0,0,0.07,0,0,0,0.007,-0.001,0.006,-0.035,0.005,-0.415,-0.087,0.007,0.084,
2.74,0,0,0,0,0,0.07,0,0,0,0.007,-0.001,0.006,-0.035,-0.006,-0.467,0.049,-0.004,0.084,
2.75,0,0,0,0,0,0.07,0,0,0,0.007,-0.001,0.006,-0.035,-0.006,-0.467,0.049,-0.004,-0.03,
2.76,0,0,0,0,0,0.07,0,0,0,0.007,-0.001,0.006,-0.035,-0.006,-0.467,0.049,-0.004,-0.03,
2.77,0,0,0,0,0,0.07,0,0,0,0.007,-0.001,0.006,-0.035,-0.006,-0.467,0.049,-0.004,-0.03,
2.78,0,0,0,0,0,0.07,0,0,0,0.007,-0.001,0.006,-0.035,-0.006,-0.467,0.049,-0.004,-0.03,
2.79,0,0,0,0,0,0.12,0,0,0,0.007,-0.001,0.006,-0.035,-0.006,-0.467,0.049,-0.004,-0.03,
2.8,0,0,0,0,0,0.12,0,0,0,0.018,0.01,0.006,-0.035,-0.006,-0.467,0.049,-0.004,-0.03,
2.81,0,0,0,0,0,0.12,0,0,0,0.018,0.01,0.006,0.032,0.027,-0.703,0.049,-0.004,-0.03,
2.82,0,0,0,0,0,0.12,0,0,0,0.018,0.01,0.006,0.032,0.027,-0.703,-0.008,-0.016,-0.053,
2.83,0,0,0,0,0,0.12,0,0,0,0.018,0.01,0.006,0.032,0.027,-0.703,-0.008,-0.016,-0.053,
2.84,0,0,0,0,0,0.12,0,0,0,0.018,0.01,0.006,0.032,0.027,-0.703,-0.008,-0.016,-0.053,
2.85,0,0,0,0,0,0.12,0,0,0,0.018,0.01,0.006,0.032,0.027,-0.703,-0.008,-0.016,-0.053,
2.86,0,0,0,0,0,0.17,0,0,0,0.018,0.01,0.006,0.032,0.027,-0.703,-0.008,-0.016,-0.053,
2.87,0,0,0,0,0,0.17,0,0,0,0.018,0.01,0.006,0.032,0.027,-0.703,-0.008,-0.016,-0.053,
2.88,0,0,0,0,0,0.17,0,0,0,-0.039,0.01,0.017,-0.002,0.027,-0.703,-0.008,-0.016,-0.053,
2.89,0,0,0,0,0,0.17,0,0,0,-0.039,0.01,0.017,-0.002,-0.012,-0.64,-0.03,-0.016,-0.053,
2.9,0,0,0,0,0,0.17,0,0,0,-0.039,0.01,0.017,-0.002,-0.012,-0.64,-0.03,-0.016,0.05,
2.91,0,0,0,0,0,0.17,0,0,0,-0.039,0.01,0.017,-0.002,-0.012,-0.64,-0.03,-0.016,0.05,
2.92,0,0,0,0,0,0.17,0,0,0,-0.039,0.01,0.017,-0.002,-0.012,-0.64,-0.03,-0.016,0.05,
2.93,0,0,0,0,0,0.17,0,0,0,-0.039,0.01,0.017,-0.002,-0.012,-0.64,-0.03,-0.016,0.05,
2.94,0,0,0,0,0,0.24,0,0,0,-0.039,0.01,0.017,-0.002,-0.012,-0.64,-0.03,-0.016,0.05,
2.95,0,0,0,0,0,0.24,0,0,0,-0.039,0.01,0.017,-0.002,-0.012,-0.64,-0.03,-0.016,0.05,
2.96,0,0,0,0,0,0.24,0,0,0,-0.005,-0.012,-0.017,-0.013,-0.012,-0.64,-0.03,-0.016,0.05,
2.97,0,0,0,0,0,0.24,0,0,0,-0.005,-0.012,-0.017,-0.013,0.005,-0.609,-0.03,0.007,0.05,
2.98,0,0,0,0,0,0.24,0,0,0,-0.005,-0.012,-0.017,-0.013,0.005,-0.609,-0.03,0.007,0.038,
2.99,0,0,0,0,0,0.24,0,0,0,-0.005,-0.012,-0.017,-0.013,0.005,-0.609,-0.03,0.007,0.038,
3,0,0,0,0,0,0.24,0,0,0,-0.005,-0.012,-0.017,-0.013,0.005,-0.609,-0.03,0.007,0.038,
3.01,0,0,0,0,0,0.24,0,0,0,-0.005,-0.012,-0.017,-0.013,0.005,-0.609,-0.03,0.007,0.038,
3.02,0,0,0,0,0,0.32,0,0,0,-0.005,-0.012,-0.017,-0.013,0.005,-0.609,-0.03,0.007,0.038,
3.03,0,0,0,0,0,0.32,0,0,0,0.052,-0.001,-0.017,-0.013,0.005,-0.609,-0.03,0.007,0.038,
3.04,0,0,0,0,0,0.32,0,0,0,0.052,-0.001,-0.022,0.015,0.022,-0.579,-0.03,0.007,0.038,
3.05,0,0,0,0,0,0.32,0,0,0,0.052,-0.001,-0.022,0.015,0.022,-0.579,0.015,0.03,0.027,
3.06,0,0,0,0,0,0.32,0,0,0,0.052,-0.001,-0.022,0.015,0.022,-0.579,0.015,0.03,0.027,
3.07,0,0,0,0,0,0.32,0,0,0,0.052,-0.001,-0.022,0.015,0.022,-0.579,0.015,0.03,0.027,
3.08,0,0,0,0,0,0.32,0,0,0,0.052,-0.001,-0.022,0.015,0.022,-0.579,0.015,0.03,0.027,
3.09,0,0,0,0,0,0.32,0,0,0,0.052,-0.001,-0.022,0.015,0.022,-0.579,0.015,0.03,0.027,
3.1,0,0,0,0,0,0.4,0,0,0,0.052,-0.001,-0.022,0.015,0.022,-0.579,0.015,0.03,0.027,
3.11,0,0,0,0,0,0.4,0,0,0,0.041,-0.001,0.034,0.015,0.022,-0.579,0.015,0.03,0.027,
3.12,0,0,0,0,0,0.4,0,0,0,0.041,-0.001,0.034,-0.007,-0.001,-0.544,0.049,0.03,0.027,
3.13,0,0,0,0,0,0.4,0,0,0,0.041,-0.001,0.034,-0.007,-0.001,-0.544,0.049,-0.027,-0.019,
3.14,0,0,0,0,0,0.4,0,0,0,0.041,-0.001,0.034,-0.007,-0.001,-0.544,0.049,-0.027,-0.019,
3.15,0,0,0,0,0,0.4,0,0,0,0.041,-0.001,0.034,-0.007,-0.001,-0.544,0.049,-0.027,-0.019,
3.16,0,0,0,0,0,0.4,0,0,0,0.041,-0.001,0.034,-0.007,-0.001,-0.544,0.049,-0.027,-0.019,
3.17,0,0,0,0,0,0.49,0,0,0,0.041,-0.001,0.034,-0.007,-0.001,-0.544,0.049,-0.027,-0.019,
3.18,0,0,0,0,0,0.49,0,0,0,-0.039,-0.001,0.034,-0.007,-0.001,-0.544,0.049,-0.027,-0.019,
3.19,0,0,0,0,0,0.49,0,0,0,-0.039,-0.001,0,-0.007,-0.001,-0.544,0.049,-0.027,-0.019,
3.2,0,0,0,0,0,0.49,0,0,0,-0.039,-0.001,0,-0.007,-0.029,-0.454,0.072,0.007,-0.019,
3.21,0,0,0,0,0,0.49,0,0,0,-0.039,-0.001,0,-0.007,-0.029,-0.454,0.072,0.007,0.096,
3.22,0,0,0,0,0,0.49,0,0,0,-0.039,-0.001,0,-0.007,-0.029,-0.454,0.072,0.007,0.096,
3.23,0,0,0,0,0,0.49,0,0,0,-0.039,-0.001,0,-0.007,-0.029,-0.454,0.072,0.007,0.096,
3.24,0,0,0,0,0,0.49,0,0,0,-0.039,-0.001,0,-0.007,-0.029,-0.454,0.072,0.007,0.096,
3.25,0,0,0,0,0,0.58,0,0,0,-0.039,-0.001,0,-0.007,-0.029,-0.454,0.072,0.007,0.096,
3.26,0,0,0,0,0,0.58,0,0,0,0.007,-0.001,0,-0.007,-0.029,-0.454,0.072,0.007,0.096,
3.27,0,0,0,0,0,0.58,0,0,0,0.007,-0.001,0.006,0.021,0.022,-0.582,0.072,0.007,0.096,
3.28,0,0,0,0,0,0.58,0,0,0,0.007,-0.001,0.006,0.021,0.022,-0.582,0.004,0.041,-0.03,
3.29,0,0,0,0,0,0.58,0,0,0,0.007,-0.001,0.006,0.021,0.022,-0.582,0.004,0.041,-0.03,
3.3,0,0,0,0,0,0.58,0,0,0,0.007,-0.001,0.006,0.021,0.022,-0.582,0.004,0.041,-0.03,
3.31,0,0,0,0,0,0.58,0,0,0,0.007,-0.001,0.006,0.021,0.022,-0.582,0.004,0.041,-0.03,
3.32,0,0,0,0,0,0.66,0,0,0,0.007,-0.001,0.006,0.021,0.022,-0.582,0.004,0.041,-0.03,
3.33,0,0,0,0,0,0.66,0,0,0,0.007,-0.001,0.006,0.021,0.022,-0.582,0.004,0.041,-0.03,
3.34,0,0,0,0,0,0.66,0,0,0,0.098,-0.012,-0.017,0.021,0.022,-0.582,0.004,0.041,-0.03,
3.35,0,0,0,0,0,0.66,0,0,0,0.098,-0.012,-0.017,0.032,-0.012,-0.234,-0.019,0.041,-0.03,
3.36,0,0,0,0,0,0.66,0,0,0,0.098,-0.012,-0.017,0.032,-0.012,-0.234,-0.019,0.019,-0.053,
3.37,0,0,0,0,0,0.66,0,0,0,0.098,-0.012,-0.017,0.032,-0.012,-0.234,-0.019,0.019,-0.053,
3.38,0,0,0,0,0,0.66,0,0,0,0.098,-0.012,-0.017,0.032,-0.012,-0.234,-0.019,0.019,-0.053,
3.39,0,0,0,0,0,0.66,0,0,0,0.098,-0.012,-0.017,0.032,-0.012,-0.234,-0.019,0.019,-0.053,
3.4,0,0,0,0,0,0.74,0,0,0,0.098,-0.012,-0.017,0.032,-0.012,-0.234,-0.019,0.019,-0.053,
3.41,0,0,0,0,0,0.74,0,0,0,0.029,-0.001,-0.017,0.032,-0.012,-0.234,-0.019,0.019,-0.053,
3.42,0,0,0,0,0,0.74,0,0,0,0.029,-0.001,0.006,-0.018,-0.001,-0.312,-0.019,0.019,-0.053,
3.43,0,0,0,0,0,0.74,0,0,0,0.029,-0.001,0.006,-0.018,-0.001,-0.312,0.004,0.019,-0.053,
3.44,0,0,0,0,0,0.74,0,0,0,0.029,-0.001,0.006,-0.018,-0.001,-0.312,0.004,0.019,-0.053,
3.45,0,0,0,0,0,0.74,0,0,0,0.029,-0.001,0.006,-0.018,-0.001,-0.312,0.004,0.019,-0.053,
3.46,0,0,0,0,0,0.74,0,0,0,0.029,-0.001,0.006,-0.018,-0.001,-0.312,0.004,0.019,-0.053,
3.47,0,0,0,0,0,0.8,0,0,0,0.029,-0.001,0.006,-0.018,-0.001,-0.312,0.004,0.019,-0.053,
3.48,0,0,0,0,0,0.8,0,0,0,-0.028,-0.001,0.023,-0.018,-0.001,-0.312,0.004,0.019,-0.053,
3.49,0,0,0,0,0,0.8,0,0,0,-0.028,-0.001,0.023,0.027,0.005,-0.375,-0.053,-0.016,-0.053,
3.5,0,0,0,0,0,0.8,0,0,0,-0.028,-0.001,0.023,0.027,0.005,-0.375,-0.053,-0.016,-0.007,
3.51,0,0,0,0,0,0.8,0,0,0,-0.028,-0.001,0.023,0.027,0.005,-0.375,-0.053,-0.016,-0.007,
3.52,0,0,0,0,0,0.8,0,0,0,-0.028,-0.001,0.023,0.027,0.005,-0.375,-0.053,-0.016,-0.007,
3.53,0,0,0,0,0,0.85,0,0,0,-0.028,-0.001,0.023,0.027,0.005,-0.375,-0.053,-0.016,-0.007,
3.54,0,0,0,0,0,0.85,0,0,0,-0.005,0.01,0.023,0.027,0.005,-0.375,-0.053,-0.016,-0.007,
3.55,0,0,0,0,0,0.85,0,0,0,-0.005,0.01,-0.005,0.021,-0.034,-0.341,-0.053,-0.016,-0.007,
3.56,0,0,0,0,0,0.85,0,0,0,-0.005,0.01,-0.005,0.021,-0.034,-0.341,0.072,0.019,0.073,
3.57,0,0,0,0,0,0.85,0,0,0,-0.005,0.01,-0.005,0.021,-0.034,-0.341,0.072,0.019,0.073,
3.58,0,0,0,0,0,0.85,0,0,0,-0.005,0.01,-0.005,0.021,-0.034,-0.341,0.072,0.019,0.073,
3.59,0,0,0,0,0,0.85,0,0,0,-0.005,0.01,-0.005,0.021,-0.034,-0.341,0.072,0.019,0.073,
3.6,0,0,0,0,0,0.85,0,0,0,-0.005,0.01,-0.005,0.021,-0.034,-0.341,0.072,0.019,0.073,
3.61,0,0,0,0,0,0.9,0,0,0,-0.005,0.01,-0.005,0.021,-0.034,-0.341,0.072,0.019,0.073,
3.62,0,0,0,0,0,0.9,0,0,0,-0.039,-0.001,0.045,-0.013,-0.034,-0.341,0.072,0.019,0.073,
3.63,0,0,0,0,0,0.9,0,0,0,-0.039,-0.001,0.045,-0.013,-0.006,-0.376,-0.03,0.019,0.073,
3.64,0,0,0,0,0,0.9,0,0,0,-0.039,-0.001,0.045,-0.013,-0.006,-0.376,-0.03,0.007,0.027,
3.65,0,0,0,0,0,0.9,0,0,0,-0.039,-0.001,0.045,-0.013,-0.006,-0.376,-0.03,0.007,0.027,
3.66,0,0,0,0,0,0.9,0,0,0,-0.039,-0.001,0.045,-0.013,-0.006,-0.376,-0.03,0.007,0.027,
3.67,0,0,0,0,0,0.9,0,0,0,-0.039,-0.001,0.045,-0.013,-0.006,-0.376,-0.03,0.007,0.027,
3.68,0,0,0,0,0,0.94,0,0,0,-0.039,-0.001,0.045,-0.013,-0.006,-0.376,-0.03,0.007,0.027,
3.69,0,0,0,0,0,0.94,0,0,0,-0.016,-0.001,-0.022,-0.013,-0.006,-0.376,-0.03,0.007,0.027,
3.7,0,0,0,0,0,0.94,0,0,0,-0.016,-0.001,-0.022,0.01,0.005,-0.266,-0.03,0.007,0.027,
3.71,0,0,0,0,0,0.94,0,0,0,-0.016,-0.001,-0.022,0.01,0.005,-0.266,0.015,-0.004,0.084,
3.72,0,0,0,0,0,0.94,0,0,0,-0.016,-0.001,-0.022,0.01,0.005,-0.266,0.015,-0.004,0.084,
3.73,0,0,0,0,0,0.94,0,0,0,-0.016,-0.001,-0.022,0.01,0.005,-0.266,0.015,-0.004,0.084,
3.74,0,0,0,0,0,0.94,0,0,0,-0.016,-0.001,-0.022,0.01,0.005,-0.266,0.015,-0.004,0.084,
3.75,0,0,0,0,0,0.94,0,0,0,-0.016,-0.001,-0.022,0.01,0.005,-0.266,0.015,-0.004,0.084,
3.76,0,0,0,0,0,0.97,0,0,0,-0.016,-0.001,-0.022,0.01,0.005,-0.266,0.015,-0.004,0.084,
3.77,0,0,0,0,0,0.97,0,0,0,-0.062,-0.001,-0.022,0.01,0.005,-0.266,0.015,-0.004,0.084,
3.78,0,0,0,0,0,0.97,0,0,0,-0.062,-0.001,-0.022,-0.002,-0.018,-0.341,0.015,-0.004,0.084,
3.79,0,0,0,0,0,0.97,0,0,0,-0.062,-0.001,-0.022,-0.002,-0.018,-0.341,0.095,-0.027,0.004,
3.8,0,0,0,0,0,0.97,0,0,0,-0.062,-0.001,-0.022,-0.002,-0.018,-0.341,0.095,-0.027,0.004,
3.81,0,0,0,0,0,0.97,0,0,0,-0.062,-0.001,-0.022,-0.002,-0.018,-0.341,0.095,-0.027,0.004,
3.82,0,0,0,0,0,0.97,0,0,0,-0.062,-0.001,-0.022,-0.002,-0.018,-0.341,0.095,-0.027,0.004,
3.83,0,0,0,0,0,0.97,0,0,0,-0.062,-0.001,-0.022,-0.002,-0.018,-0.341,0.095,-0.027,0.004,
3.84,0,0,0,0,0,0.99,0,0,0,-0.062,-0.001,-0.022,-0.002,-0.018,-0.341,0.095,-0.027,0.004,
3.85,0,0,0,0,0,0.99,0,0,0,0.018,-0.001,-0.005,-0.03,-0.018,-0.341,0.095,-0.027,0.004,
3.86,0,0,0,0,0,0.99,0,0,0,0.018,-0.001,-0.005,-0.03,0.005,-0.358,-0.019,-0.027,0.004,
3.87,0,0,0,0,0,0.99,0,0,0,0.018,-0.001,-0.005,-0.03,0.005,-0.358,-0.019,0.007,-0.019,
3.88,0,0,0,0,0,0.99,0,0,0,0.018,-0.001,-0.005,-0.03,0.005,-0.358,-0.019,0.007,-0.019,
3.89,0,0,0,0,0,0.99,0,0,0,0.018,-0.001,-0.005,-0.03,0.005,-0.358,-0.019,0.007,-0.019,
3.9,0,0,0,0,0,0.99,0,0,0,0.018,-0.001,-0.005,-0.03,0.005,-0.358,-0.019,0.007,-0.019,
3.91,0,0,0,0,0,0.99,0,0,0,0.018,-0.001,-0.005,-0.03,0.005,-0.358,-0.019,0.007,-0.019,
3.92,0,0,0,0,0,0.99,0,0,0,-0.005,-0.001,-0.005,-0.03,0.005,-0.358,-0.019,0.007,-0.019,
3.93,0,0,0,0,0,0.99,0,0,0,-0.005,-0.001,-0.028,0.021,0.033,-0.358,-0.019,0.007,-0.019,
3.94,0,0,0,0,0,0.99,0,0,0,-0.005,-0.001,-0.028,0.021,0.033,-0.423,0.004,-0.016,-0.019,
3.95,0,0,0,0,0,0.99,0,0,0,-0.005,-0.001,-0.028,0.021,0.033,-0.423,0.004,-0.016,-0.053,
3.96,0,0,0,0,0,0.99,0,0,0,-0.005,-0.001,-0.028,0.021,0.033,-0.423,0.004,-0.016,-0.053,
3.97,0,0,0,0,0,0.99,0,0,0,-0.005,-0.001,-0.028,0.021,0.033,-0.423,0.004,-0.016,-0.053,
3.98,0,0,0,0,0,0.99,0,0,0,-0.005,-0.001,-0.028,0.021,0.033,-0.423,0.004,-0.016,-0.053,
3.99,0,0,0,0,0,0.99,0,0,0,-0.005,-0.001,-0.028,0.021,0.033,-0.423,0.004,-0.016,-0.053,
4,0,0,0,0,0,0.99,0,0,0,-0.005,-0.001,-0.028,0.021,0.033,-0.423,0.004,-0.016,-0.053,
4.01,0,0,0,0,0,0.99,0,0,0,-0.005,-0.001,-0.028,0.021,0.033,-0.423,0.004,-0.016,-0.053,
4.02,0,0,0,0,0,0.99,0,0,0,-0.005,-0.001,-0.028,0.021,0.033,-0.423,0.004,-0.016,-0.053,
4.03,0,0,0,0,0,0.99,0,0,0,-0.005,-0.001,-0.017,-0.002,0.033,-0.423,0.004,-0.016,-0.053,
4.04,0,0,0,0,0,0.99,0,0,0,-0.005,-0.001,-0.017,-0.002,-0.012,1.491,0.015,-0.016,-0.053,
4.05,0,0,0,0,0,0.99,0,0,0,-0.005,-0.001,-0.017,-0.002,-0.012,1.491,0.015,-0.038,0.016,
4.06,0,0,0,0,0,0.99,0,0,0,-0.005,-0.001,-0.017,-0.002,-0.012,1.491,0.015,-0.038,0.016,
4.07,0,0,0,0,0,0.99,0,0,0,-0.005,-0.001,-0.017,-0.002,-0.012,1.491,0.015,-0.038,0.016,
4.08,0,0,0,0,0,0.99,0,0,0,-0.005,-0.001,-0.017,-0.002,-0.012,1.491,0.015,-0.038,0.016,
4.09,0,0,0,0,0,0.91,0,0,0,-0.005,-0.001,-0.017,-0.002,-0.012,1.491,0.015,-0.038,0.016,
4.1,0,0,0,0,0,0.91,0,0,0,0.018,-0.001,-0.017,-0.002,-0.012,1.491,0.015,-0.038,0.016,
4.11,0,0,0,0,0,0.91,0,0,0,0.018,-0.001,0.006,-0.03,-0.012,1.491,0.015,-0.038,0.016,
4.12,0,0,0,0,0,0.91,0,0,0,0.018,-0.001,0.006,-0.03,-0.012,1.793,-0.065,0.019,0.016,
4.13,0,0,0,0,0,0.91,0,0,0,0.018,-0.001,0.006,-0.03,-0.012,1.793,-0.065,0.019,-0.098,
4.14,0,0,0,0,0,0.91,0,0,0,0.018,-0.001,0.006,-0.03,-0.012,1.793,-0.065,0.019,-0.098,
4.15,0,0,0,0,0,0.91,0,0,0,0.018,-0.001,0.006,-0.03,-0.012,1.793,-0.065,0.019,-0.098,
4.16,0,0,0,0,0,0.91,0,0,0,0.018,-0.001,0.006,-0.03,-0.012,1.793,-0.065,0.019,-0.098,
4.17,0,0,0,0,0,0.69,0,0,0,0.018,-0.001,0.006,-0.03,-0.012,1.793,-0.065,0.019,-0.098,
4.18,0,0,0,0,0,0.69,0,0,0,-0.005,-0.001,0.006,-0.03,-0.012,1.793,-0.065,0.019,-0.098,
4.19,0,0,0,0,0,0.69,0,0,0,-0.005,-0.001,0.023,-0.018,0.056,0.542,-0.065,0.019,-0.098,
4.2,0,0,0,0,0,0.69,0,0,0,-0.005,-0.001,0.023,-0.018,0.056,0.542,0.015,-0.016,0.027,
4.21,0,0,0,0,0,0.69,0,0,0,-0.005,-0.001,0.023,-0.018,0.056,0.542,0.015,-0.016,0.027,
4.22,0,0,0,0,0,0.69,0,0,0,-0.005,-0.001,0.023,-0.018,0.056,0.542,0.015,-0.016,0.027,
4.23,0,0,0,0,0,0.69,0,0,0,-0.005,-0.001,0.023,-0.018,0.056,0.542,0.015,-0.016,0.027,
4.24,0,0,0,0,0,0.69,0,0,0,-0.005,-0.001,0.023,-0.018,0.056,0.542,0.015,-0.016,0.027,
4.25,0,0,0,0,0,0.34,0,0,0,-0.005,-0.001,0.023,-0.018,0.056,0.542,0.015,-0.016,0.027,
4.26,0,0,0,0,0,0.34,0,0,0,-0.016,-0.012,-0.011,-0.018,0.056,0.542,0.015,-0.016,0.027,
4.27,0,0,0,0,0,0.34,0,0,0,-0.016,-0.012,-0.011,-0.018,0.005,-0.162,0.084,-0.016,0.027,
4.28,0,0,0,0,0,0.34,0,0,0,-0.016,-0.012,-0.011,-0.018,0.005,-0.162,0.084,-0.004,-0.03,
4.29,0,0,0,0,0,0.34,0,0,0,-0.016,-0.012,-0.011,-0.018,0.005,-0.162,0.084,-0.004,-0.03,
4.3,0,0,0,0,0,0.34,0,0,0,-0.016,-0.012,-0.011,-0.018,0.005,-0.162,0.084,-0.004,-0.03,
4.31,0,0,0,0,0,0.34,0,0,0,-0.016,-0.012,-0.011,-0.018,0.005,-0.162,0.084,-0.004,-0.03,
4.32,0,0,0,0,0,0.34,0,0,0,-0.016,-0.012,-0.011,-0.018,0.005,-0.162,0.084,-0.004,-0.03,
4.33,0,0,0,0,0,0.34,0,0,0,-0.016,-0.012,-0.011,-0.018,0.005,-0.162,0.084,-0.004,-0.03,
4.34,0,0,0,0,0,0,0,0,0,-0.016,-0.012,-0.011,-0.018,0.005,-0.162,0.084,-0.004,-0.03,
4.35,0,0,0,0,0,0,0,0,0,-0.016,-0.012,-0.011,-0.018,0.005,-0.162,0.084,-0.004,-0.03,
4.36,0,0,0,0,0,0,0,0,0,0.007,-0.001,-0.005,-0.052,0.005,-0.162,0.084,-0.004,-0.03,
4.37,0,0,0,0,0,0,0,0,0,0.007,-0.001,-0.005,-0.052,-0.006,-0.276,-0.053,0.007,-0.03,
4.38,0,0,0,0,0,0,0,0,0,0.007,-0.001,-0.005,-0.052,-0.006,-0.276,-0.053,0.007,-0.053,
4.39,0,0,0,0,0,0,0,0,0,0.007,-0.001,-0.005,-0.052,-0.006,-0.276,-0.053,0.007,-0.053,
4.4,0,0,0,0,0,0,0,0,0,0.007,-0.001,-0.005,-0.052,-0.006,-0.276,-0.053,0.007,-0.053,
4.41,0,0,0,0,0,0,0,0,0,0.007,-0.001,-0.005,-0.052,-0.006,-0.276,-0.053,0.007,-0.053,
4.42,0,0,0,0,0,0,0,0,0,0.007,-0.001,-0.005,-0.052,-0.006,-0.276,-0.053,0.007,-0.053,
4.43,0,0,0,0,0,0,0,0,0,0.041,-0.001,-0.005,-0.052,-0.006,-0.276,-0.053,0.007,-0.053,
4.44,0,0,0,0,0,0,0,0,0,0.041,-0.001,-0.022,-0.007,0.005,-0.076,-0.053,0.007,-0.053,
4.45,0,0,0,0,0,0,0,0,0,0.041,-0.001,-0.022,-0.007,0.005,-0.076,-0.03,0.019,0.004,
4.46,0,0,0,0,0,0,0,0,0,0.041,-0.001,-0.022,-0.007,0.005,-0.076,-0.03,0.019,0.004,
4.47,0,0,0,0,0,0,0,0,0,0.041,-0.001,-0.022,-0.007,0.005,-0.076,-0.03,0.019,0.004,
4.48,0,0,0,0,0,0,0,0,0,0.041,-0.001,-0.022,-0.007,0.005,-0.076,-0.03,0.019,0.004,
4.49,0,0,0,0,0,0,0,0,0,0.041,-0.001,-0.022,-0.007,0.005,-0.076,-0.03,0.019,0.004,
4.5,0,0,0,0,0,0,0,0,0,0.041,0.01,-0.022,-0.007,0.005,-0.076,-0.03,0.019,0.004,
4.51,0,0,0,0,0,0,0,0,0,0.041,0.01,-0.022,-0.013,-0.001,0.009,-0.03,0.019,0.004,
4.52,0,0,0,0,0,0,0,0,0,0.041,0.01,-0.022,-0.013,-0.001,0.009,-0.053,0.007,-0.007,
4.53,0,0,0,0,0,0,0,0,0,0.041,0.01,-0.022,-0.013,-0.001,0.009,-0.053,0.007,-0.007,
4.54,0,0,0,0,0,0,0,0,0,0.041,0.01,-0.022,-0.013,-0.001,0.009,-0.053,0.007,-0.007,
4.55,0,0,0,0,0,0,0,0,0,0.041,0.01,-0.022,-0.013,-0.001,0.009,-0.053,0.007,-0.007,
4.56,0,0,0,0,0,0,0,0,0,0.041,0.01,-0.022,-0.013,-0.001,0.009,-0.053,0.007,-0.007,
4.57,0,0,0,0,0,0,0,0,0,0.041,0.01,-0.022,-0.013,-0.001,0.009,-0.053,0.007,-0.007,
4.58,0,0,0,0,0,0,0,0,0,-0.062,-0.001,0.023,0.021,-0.001,0.009,-0.053,0.007,-0.007,
4.59,0,0,0,0,0,0,0,0,0,-0.062,-0.001,0.023,0.021,-0.012,-0.046,-0.042,-0.004,-0.007,
4.6,0,0,0,0,0,0,0,0,0,-0.062,-0.001,0.023,0.021,-0.012,-0.046,-0.042,-0.004,0.061,
4.61,0,0,0,0,0,0,0,0,0,-0.062,-0.001,0.023,0.021,-0.012,-0.046,-0.042,-0.004,0.061,
4.62,0,0,0,0,0,0,0,0,0,-0.062,-0.001,0.023,0.021,-0.012,-0.046,-0.042,-0.004,0.061,
4.63,0,0,0,0,0,0,0,0,0,-0.062,-0.001,0.023,0.021,-0.012,-0.046,-0.042,-0.004,0.061,
4.64,0,0,0,0,0,0,0,0,0,-0.062,-0.001,0.023,0.021,-0.012,-0.046,-0.042,-0.004,0.061,
4.65,0,0,0,0,0,0,0,0,0,-0.05,-0.001,0,0.004,-0.012,-0.046,-0.042,-0.004,0.061,
4.66,0,0,0,0,0,0,0,0,0,-0.05,-0.001,0,0.004,0.022,0.053,-0.065,0.019,0.061,
4.67,0,0,0,0,0,0,0,0,0,-0.05,-0.001,0,0.004,0.022,0.053,-0.065,0.019,-0.007,
4.68,0,0,0,0,0,0,0,0,0,-0.05,-0.001,0,0.004,0.022,0.053,-0.065,0.019,-0.007,
4.69,0,0,0,0,0,0,0,0,0,-0.05,-0.001,0,0.004,0.022,0.053,-0.065,0.019,-0.007,
4.7,0,0,0,0,0,0,0,0,0,-0.05,-0.001,0,0.004,0.022,0.053,-0.065,0.019,-0.007,
4.71,0,0,0,0,0,0,0,0,0,-0.05,-0.001,0,0.004,0.022,0.053,-0.065,0.019,-0.007,
4.72,0,0,0,0,0,0,0,0,0,-0.062,-0.001,0,0.015,0.022,0.053,-0.065,0.019,-0.007,
4.73,0,0,0,0,0,0,0,0,0,-0.062,-0.001,0,0.015,0.05,-0.033,0.049,0.007,-0.007,
4.74,0,0,0,0,0,0,0,0,0,-0.062,-0.001,0,0.015,0.05,-0.033,0.049,0.007,0.061,
4.75,0,0,0,0,0,0,0,0,0,-0.062,-0.001,0,0.015,0.05,-0.033,0.049,0.007,0.061,
4.76,0,0,0,0,0,0,0,0,0,-0.062,-0.001,0,0.015,0.05,-0.033,0.049,0.007,0.061,
4.77,0,0,0,0,0,0,0,0,0,-0.062,-0.001,0,0.015,0.05,-0.033,0.049,0.007,0.061,
4.78,0,0,0,0,0,0,0,0,0,-0.062,-0.001,0,0.015,0.05,-0.033,0.049,0.007,0.061,
4.79,0,0,0,0,0,0,0,0,0,-0.062,-0.001,0,0.015,0.05,-0.033,0.049,0.007,0.061,
4.8,0,0,0,0,0,0,0,0,0,-0.062,-0.001,0,0.015,0.05,-0.033,0.049,0.007,0.061,
4.81,0,0,0,0,0,0,0,0,0,-0.062,-0.001,0,0.015,0.05,-0.033,0.049,0.007,0.061,
4.82,0,0,0,0,0,0,0,0,0,-0.028,-0.001,0,0.015,0.05,-0.033,0.049,0.007,0.061,
4.83,0,0,0,0,0,0,0,0,0,-0.028,-0.001,-0.028,-0.002,0.022,-0.033,0.049,0.007,0.061,
4.84,0,0,0,0,0,0,0,0,0,-0.028,-0.001,-0.028,-0.002,0.022,-0.033,-0.065,0.007,-0.053,
4.85,0,0,0,0,0,0,0,0,0,-0.028,-0.001,-0.028,-0.002,0.022,-0.033,-0.065,0.007,-0.053,
4.86,0,0,0,0,0,0,0,0,0,-0.028,-0.001,-0.028,-0.002,0.022,-0.033,-0.065,0.007,-0.053,
4.87,0,0,0,0,0,0,0,0,0,-0.028,-0.001,-0.028,-0.002,0.022,-0.033,-0.065,0.007,-0.053,
4.88,0,0,0,0,0,0,0,0,0,-0.028,-0.001,-0.028,-0.002,0.022,-0.033,-0.065,0.007,-0.053,
4.89,0,0,0,0,0,0,0,0,0,-0.005,-0.001,0.006,-0.002,0.022,-0.033,-0.065,0.007,-0.053,
4.9,0,0,0,0,0,0,0,0,0,-0.005,-0.001,0.006,-0.03,-0.001,-0.124,-0.03,0.007,-0.053,
4.91,0,0,0,0,0,0,0,0,0,-0.005,-0.001,0.006,-0.03,-0.001,-0.124,-0.03,0.007,-0.098,
4.92,0,0,0,0,0,0,0,0,0,-0.005,-0.001,0.006,-0.03,-0.001,-0.124,-0.03,0.007,-0.098,
4.93,0,0,0,0,0,0,0,0,0,-0.005,-0.001,0.006,-0.03,-0.001,-0.124,-0.03,0.007,-0.098,
4.94,0,0,0,0,0,0,0,0,0,-0.005,-0.001,0.006,-0.03,-0.001,-0.124,-0.03,0.007,-0.098,
4.95,0,0,0,0,0,0,0,0,0,-0.005,-0.001,0.006,-0.03,-0.001,-0.124,-0.03,0.007,-0.098,
4.96,0,0,0,0,0,0,0,0,0,0.086,-0.001,0.006,0.015,0.005,-0.124,-0.03,0.007,-0.098,
4.97,0,0,0,0,0,0,0,0,0,0.086,-0.001,0.006,0.015,0.005,0.032,-0.019,0.007,0.05,
4.98,0,0,0,0,0,0,0,0,0,0.086,-0.001,0.006,0.015,0.005,0.032,-0.019,0.007,0.05,
4.99,0,0,0,0,0,0,0,0,0,0.086,-0.001,0.006,0.015,0.005,0.032,-0.019,0.007,0.05,
5,0,0,0,0,0,0,0,0,0,0.086,-0.001,0.006,0.015,0.005,0.032,-0.019,0.007,0.05,
5.01,0,0,0,0,0,0,0,0,0,0.086,-0.001,0.006,0.015,0.005,0.032,-0.019,0.007,0.05,
5.02,0,0,0,0,0,0,0,0,0,0.052,-0.001,-0.017,0.015,0.005,0.032,-0.019,0.007,0.05,
5.03,0,0,0,0,0,0,0,0,0,0.052,-0.001,-0.017,0.01,0.016,-0.089,-0.065,0.007,0.05,
5.04,0,0,0,0,0,0,0,0,0,0.052,-0.001,-0.017,0.01,0.016,-0.089,-0.065,0.007,-0.03,
5.05,0,0,0,0,0,0,0,0,0,0.052,-0.001,-0.017,0.01,0.016,-0.089,-0.065,0.007,-0.03,
5.06,0,0,0,0,0,0,0,0,0,0.052,-0.001,-0.017,0.01,0.016,-0.089,-0.065,0.007,-0.03,
5.07,0,0,0,0,0,0,0,0,0,0.052,-0.001,-0.017,0.01,0.016,-0.089,-0.065,0.007,-0.03,
5.08,0,0,0,0,0,0,0,0,0,-0.016,-0.001,-0.017,0.01,0.016,-0.089,-0.065,0.007,-0.03,
5.09,0,0,0,0,0,0,0,0,0,-0.016,-0.001,-0.022,-0.013,0.011,-0.066,-0.065,0.007,-0.03,
5.1,0,0,0,0,0,0,0,0,0,-0.016,-0.001,-0.022,-0.013,0.011,-0.066,0.004,-0.004,-0.053,
5.11,0,0,0,0,0,0,0,0,0,-0.016,-0.001,-0.022,-0.013,0.011,-0.066,0.004,-0.004,-0.053,
5.12,0,0,0,0,0,0,0,0,0,-0.016,-0.001,-0.022,-0.013,0.011,-0.066,0.004,-0.004,-0.053,
5.13,0,0,0,0,0,0,0,0,0,-0.016,-0.001,-0.022,-0.013,0.011,-0.066,0.004,-0.004,-0.053,
5.14,0,0,0,0,0,0,0,0,0,-0.005,0.01,-0.028,-0.002,0.011,-0.066,0.004,-0.004,-0.053,
5.15,0,0,0,0,0,0,0,0,0,-0.005,0.01,-0.028,-0.002,-0.006,-0.01,-0.053,-0.004,-0.053,
5.16,0,0,0,0,0,0,0,0,0,-0.005,0.01,-0.028,-0.002,-0.006,-0.01,-0.053,0.007,-0.007,
5.17,0,0,0,0,0,0,0,0,0,-0.005,0.01,-0.028,-0.002,-0.006,-0.01,-0.053,0.007,-0.007,
5.18,0,0,0,0,0,0,0,0,0,-0.005,0.01,-0.028,-0.002,-0.006,-0.01,-0.053,0.007,-0.007,
5.19,0,0,0,0,0,0,0,0,0,-0.005,0.01,-0.028,-0.002,-0.006,-0.01,-0.053,0.007,-0.007,
5.2,0,0,0,0,0,0,0,0,0,-0.005,0.01,-0.028,-0.002,-0.006,-0.01,-0.053,0.007,-0.007,
5.21,0,0,0,0,0,0,0,0,0,0.007,0.01,0.012,-0.002,-0.006,-0.01,-0.053,0.007,-0.007,
5.22,0,0,0,0,0,0,0,0,0,0.007,0.01,0.012,0.004,0.016,-0.023,-0.065,0.007,-0.007,
5.23,0,0,0,0,0,0,0,0,0,0.007,0.01,0.012,0.004,0.016,-0.023,-0.065,-0.027,0.016,
5.24,0,0,0,0,0,0,0,0,0,0.007,0.01,0.012,0.004,0.016,-0.023,-0.065,-0.027,0.016,
5.25,0,0,0,0,0,0,0,0,0,0.007,0.01,0.012,0.004,0.016,-0.023,-0.065,-0.027,0.016,
5.26,0,0,0,0,0,0,0,0,0,0.007,0.01,0.012,0.004,0.016,-0.023,-0.065,-0.027,0.016,
5.27,0,0,0,0,0,0,0,0,0,0.007,0.01,0.012,0.004,0.016,-0.023,-0.065,-0.027,0.016,
5.28,0,0,0,0,0,0,0,0,0,0.029,0.01,0.012,0.004,0.016,-0.023,-0.065,-0.027,0.016,
5.29,0,0,0,0,0,0,0,0,0,0.029,-0.001,0.012,-0.007,0.005,-0.023,-0.065,-0.027,0.016,
5.3,0,0,0,0,0,0,0,0,0,0.029,-0.001,0.012,-0.007,0.005,-0.144,-0.053,0.007,0.016,
5.31,0,0,0,0,0,0,0,0,0,0.029,-0.001,0.012,-0.007,0.005,-0.144,-0.053,0.007,0.004,
5.32,0,0,0,0,0,0,0,0,0,0.029,-0.001,0.012,-0.007,0.005,-0.144,-0.053,0.007,0.004,
5.33,0,0,0,0,0,0,0,0,0,0.029,-0.001,0.012,-0.007,0.005,-0.144,-0.053,0.007,0.004,
5.34,0,0,0,0,0,0,0,0,0,0.029,-0.001,0.012,-0.007,0.005,-0.144,-0.053,0.007,0.004,
5.35,0,0,0,0,0,0,0,0,0,0.029,-0.001,0.012,-0.007,0.005,-0.144,-0.053,0.007,0.004,
5.36,0,0,0,0,0,0,0,0,0,0.007,-0.001,0.012,-0.007,0.005,-0.144,-0.053,0.007,0.004,
5.37,0,0,0,0,0,0,0,0,0,0.007,-0.001,-0.011,-0.018,0.027,-0.144,-0.053,0.007,0.004,
5.38,0,0,0,0,0,0,0,0,0,0.007,-0.001,-0.011,-0.018,0.027,0.032,-0.008,-0.004,0.004,
5.39,0,0,0,0,0,0,0,0,0,0.007,-0.001,-0.011,-0.018,0.027,0.032,-0.008,-0.004,0.004,
5.4,0,0,0,0,0,0,0,0,0,0.007,-0.001,-0.011,-0.018,0.027,0.032,-0.008,-0.004,0.004,
5.41,0,0,0,0,0,0,0,0,0,0.007,-0.001,-0.011,-0.018,0.027,0.032,-0.008,-0.004,0.004,
5.42,0,0,0,0,0,0,0,0,0,0.007,-0.001,-0.011,-0.018,0.027,0.032,-0.008,-0.004,0.004,
5.43,0,0,0,0,0,0,0,0,0,0.007,-0.001,-0.011,-0.018,0.027,0.032,-0.008,-0.004,0.004,
5.44,0,0,0,0,0,0,0,0,0,-0.05,-0.012,-0.011,-0.018,0.027,0.032,-0.008,-0.004,0.004,
5.45,0,0,0,0,0,0,0,0,0,-0.05,-0.012,-0.011,-0.018,0.027,-0.114,-0.008,-0.004,0.004,
5.46,0,0,0,0,0,0,0,0,0,-0.05,-0.012,-0.011,-0.018,0.027,-0.114,-0.008,0.019,-0.064,
5.47,0,0,0,0,0,0,0,0,0,-0.05,-0.012,-0.011,-0.018,0.027,-0.114,-0.008,0.019,-0.064,
5.48,0,0,0,0,0,0,0,0,0,-0.05,-0.012,-0.011,-0.018,0.027,-0.114,-0.008,0.019,-0.064,
5.49,0,0,0,0,0,0,0,0,0,-0.05,-0.012,-0.011,-0.018,0.027,-0.114,-0.008,0.019,-0.064,
5.5,0,0,0,0,0,0,0,0,0,-0.05,-0.012,-0.011,-0.018,0.027,-0.114,-0.008,0.019,-0.064,
5.51,0,0,0,0,0,0,0,0,0,0.018,-0.001,-0.011,-0.018,0.027,-0.114,-0.008,0.019,-0.064,
5.52,0,0,0,0,0,0,0,0,0,0.018,-0.001,0,-0.024,-0.001,-0.114,-0.008,0.019,-0.064,
5.53,0,0,0,0,0,0,0,0,0,0.018,-0.001,0,-0.024,-0.001,0.02,0.049,-0.004,-0.03,
5.54,0,0,0,0,0,0,0,0,0,0.018,-0.001,0,-0.024,-0.001,0.02,0.049,-0.004,-0.03,
5.55,0,0,0,0,0,0,0,0,0,0.018,-0.001,0,-0.024,-0.001,0.02,0.049,-0.004,-0.03,
5.56,0,0,0,0,0,0,0,0,0,0.018,-0.001,0,-0.024,-0.001,0.02,0.049,-0.004,-0.03,
5.57,0,0,0,0,0,0,0,0,0,0.018,-0.001,0,-0.024,-0.001,0.02,0.049,-0.004,-0.03,
5.58,0,0,0,0,0,0,0,0,0,0.018,-0.001,0,-0.024,-0.001,0.02,0.049,-0.004,-0.03,
5.59,0,0,0,0,0,0,0,0,0,0.018,0.01,0.028,-0.024,-0.001,0.02,0.049,-0.004,-0.03,
5.6,0,0,0,0,0,0,0,0,0,0.018,0.01,0.028,0.015,-0.001,0.02,0.049,-0.004,-0.03,
5.61,0,0,0,0,0,0,0,0,0,0.018,0.01,0.028,0.015,-0.001,0.02,-0.03,-0.004,-0.053,
5.62,0,0,0,0,0,0,0,0,0,0.018,0.01,0.028,0.015,-0.001,0.02,-0.03,-0.004,-0.053,
5.63,0,0,0,0,0,0,0,0,0,0.018,0.01,0.028,0.015,-0.001,0.02,-0.03,-0.004,-0.053,
5.64,0,0,0,0,0,0,0,0,0,0.018,0.01,0.028,0.015,-0.001,0.02,-0.03,-0.004,-0.053,
5.65,0,0,0,0,0,0,0,0,0,0.018,0.01,0.028,0.015,-0.001,0.02,-0.03,-0.004,-0.053,
5.66,0,0,0,0,0,0,0,0,0,0.018,0.01,0.028,0.015,-0.001,0.02,-0.03,-0.004,-0.053,
5.67,0,0,0,0,0,0,0,0,0,0.064,-0.001,-0.022,0.015,-0.001,0.02,-0.03,-0.004,-0.053,
5.68,0,0,0,0,0,0,0,0,0,0.064,-0.001,-0.022,0.015,-0.012,-0.046,0.027,-0.004,-0.053,
5.69,0,0,0,0,0,0,0,0,0,0.064,-0.001,-0.022,0.015,-0.012,-0.046,0.027,-0.004,-0.087,
5.7,0,0,0,0,0,0,0,0,0,0.064,-0.001,-0.022,0.015,-0.012,-0.046,0.027,-0.004,-0.087,
5.71,0,0,0,0,0,0,0,0,0,0.064,-0.001,-0.022,0.015,-0.012,-0.046,0.027,-0.004,-0.087,
5.72,0,0,0,0,0,0,0,0,0,0.064,-0.001,-0.022,0.015,-0.012,-0.046,0.027,-0.004,-0.087,
5.73,0,0,0,0,0,0,0,0,0,0.064,-0.001,-0.022,0.015,-0.012,-0.046,0.027,-0.004,-0.087,
5.74,0,0,0,0,0,0,0,0,0,0.064,-0.001,-0.022,0.015,-0.012,-0.046,0.027,-0.004,-0.087,
5.75,0,0,0,0,0,0,0,0,0,-0.005,0.01,-0.022,0.015,-0.012,-0.046,0.027,-0.004,-0.087,
5.76,0,0,0,0,0,0,0,0,0,-0.005,0.01,0,0.01,-0.006,0.01,0.027,-0.004,-0.087,
5.77,0,0,0,0,0,0,0,0,0,-0.005,0.01,0,0.01,-0.006,0.01,-0.053,-0.016,0.016,
5.78,0,0,0,0,0,0,0,0,0,-0.005,0.01,0,0.01,-0.006,0.01,-0.053,-0.016,0.016,
5.79,0,0,0,0,0,0,0,0,0,-0.005,0.01,0,0.01,-0.006,0.01,-0.053,-0.016,0.016,
5.8,0,0,0,0,0,0,0,0,0,-0.005,0.01,0,0.01,-0.006,0.01,-0.053,-0.016,0.016,
5.81,0,0,0,0,0,0,0,0,0,-0.005,0.01,0,0.01,-0.006,0.01,-0.053,-0.016,0.016,
5.82,0,0,0,0,0,0,0,0,0,-0.005,0.01,0,0.01,-0.006,0.01,-0.053,-0.016,0.016,
5.83,0,0,0,0,0,0,0,0,0,0.018,-0.012,-0.005,0.01,-0.006,0.01,-0.053,-0.016,0.016,
5.84,0,0,0,0,0,0,0,0,0,0.018,-0.012,-0.005,-0.018,0.022,-0.099,-0.008,-0.016,0.016,
5.85,0,0,0,0,0,0,0,0,0,0.018,-0.012,-0.005,-0.018,0.022,-0.099,-0.008,-0.038,0.038,
5.86,0,0,0,0,0,0,0,0,0,0.018,-0.012,-0.005,-0.018,0.022,-0.099,-0.008,-0.038,0.038,
5.87,0,0,0,0,0,0,0,0,0,0.018,-0.012,-0.005,-0.018,0.022,-0.099,-0.008,-0.038,0.038,
5.88,0,0,0,0,0,0,0,0,0,0.018,-0.012,-0.005,-0.018,0.022,-0.099,-0.008,-0.038,0.038,
5.89,0,0,0,0,0,0,0,0,0,0.018,-0.012,-0.005,-0.018,0.022,-0.099,-0.008,-0.038,0.038,
5.9,0,0,0,0,0,0,0,0,0,0.007,-0.012,-0.005,-0.018,0.022,-0.099,-0.008,-0.038,0.038,
5.91,0,0,0,0,0,0,0,0,0,0.007,-0.001,0,-0.007,-0.012,-0.099,-0.008,-0.038,0.038,
5.92,0,0,0,0,0,0,0,0,0,0.007,-0.001,0,-0.007,-0.012,-0.036,-0.008,0.007,0.038,
5.93,0,0,0,0,0,0,0,0,0,0.007,-0.001,0,-0.007,-0.012,-0.036,-0.008,0.007,0.004,
5.94,0,0,0,0,0,0,0,0,0,0.007,-0.001,0,-0.007,-0.012,-0.036,-0.008,0.007,0.004,
5.95,0,0,0,0,0,0,0,0,0,0.007,-0.001,0,-0.007,-0.012,-0.036,-0.008,0.007,0.004,
5.96,0,0,0,0,0,0,0,0,0,0.007,-0.001,0,-0.007,-0.012,-0.036,-0.008,0.007,0.004,
5.97,0,0,0,0,0,0,0,0,0,0.007,-0.001,0,-0.007,-0.012,-0.036,-0.008,0.007,0.004,
5.98,0,0,0,0,0,0,0,0,0,-0.016,-0.001,0,-0.007,-0.012,-0.036,-0.008,0.007,0.004,
5.99,0,0,0,0,0,0,0,0,0,-0.016,-0.001,0,0.004,0.005,-0.003,-0.008,0.007,0.004,
6,0,0,0,0,0,0,0,0,0,-0.016,-0.001,0,0.004,0.005,-0.003,-0.042,-0.004,0.004,
6.01,0,0,0,0,0,0,0,0,0,-0.016,-0.001,0,0.004,0.005,-0.003,-0.042,-0.004,0.004,
6.02,0,0,0,0,0,0,0,0,0,-0.016,-0.001,0,0.004,0.005,-0.003,-0.042,-0.004,0.004,
6.03,0,0,0,0,0,0,0,0,0,-0.016,-0.001,0,0.004,0.005,-0.003,-0.042,-0.004,0.004,
6.04,0,0,0,0,0,0,0,0,0,-0.016,-0.001,0,0.004,0.005,-0.003,-0.042,-0.004,0.004,
6.05,0,0,0,0,0,0,0,0,0,-0.016,-0.001,0,0.004,0.005,-0.003,-0.042,-0.004,0.004,
6.06,0,0,0,0,0,0,0,0,0,-0.016,-0.012,0.006,0.004,0.005,-0.003,-0.042,-0.004,0.004,
6.07,0,0,0,0,0,0,0,0,0,-0.016,-0.012,0.006,0.01,0.011,-0.043,-0.042,-0.004,0.004,
6.08,0,0,0,0,0,0,0,0,0,-0.016,-0.012,0.006,0.01,0.011,-0.043,0.072,-0.016,0.027,
6.09,0,0,0,0,0,0,0,0,0,-0.016,-0.012,0.006,0.01,0.011,-0.043,0.072,-0.016,0.027,
6.1,0,0,0,0,0,0,0,0,0,-0.016,-0.012,0.006,0.01,0.011,-0.043,0.072,-0.016,0.027,
6.11,0,0,0,0,0,0,0,0,0,-0.016,-0.012,0.006,0.01,0.011,-0.043,0.072,-0.016,0.027,
6.12,0,0,0,0,0,0,0,0,0,-0.016,-0.012,0.006,0.01,0.011,-0.043,0.072,-0.016,0.027,
6.13,0,0,0,0,0,0,0,0,0,-0.016,-0.012,0.006,0.01,0.011,-0.043,0.072,-0.016,0.027,
6.14,0,0,0,0,0,0,0,0,0,-0.028,-0.001,-0.005,-0.002,0.011,-0.043,0.072,-0.016,0.027,
6.15,0,0,0,0,0,0,0,0,0,-0.028,-0.001,-0.005,-0.002,0.022,-0.036,0.027,0.019,0.027,
6.16,0,0,0,0,0,0,0,0,0,-0.028,-0.001,-0.005,-0.002,0.022,-0.036,0.027,0.019,0.016,
6.17,0,0,0,0,0,0,0,0,0,-0.028,-0.001,-0.005,-0.002,0.022,-0.036,0.027,0.019,0.016,
6.18,0,0,0,0,0,0,0,0,0,-0.028,-0.001,-0.005,-0.002,0.022,-0.036,0.027,0.019,0.016,
6.19,0,0,0,0,0,0,0,0,0,-0.028,-0.001,-0.005,-0.002,0.022,-0.036,0.027,0.019,0.016,
6.2,0,0,0,0,0,0,0,0,0,-0.028,-0.001,-0.005,-0.002,0.022,-0.036,0.027,0.019,0.016,
6.21,0,0,0,0,0,0,0,0,0,-0.028,-0.001,-0.005,-0.002,0.022,-0.036,0.027,0.019,0.016,
6.22,0,0,0,0,0,0,0,0,0,-0.028,-0.001,-0.017,-0.013,0.027,-0.183,0.027,0.019,0.016,
6.23,0,0,0,0,0,0,0,0,0,-0.028,-0.001,-0.017,-0.013,0.027,-0.183,-0.065,-0.016,0.038,
6.24,0,0,0,0,0,0,0,0,0,-0.028,-0.001,-0.017,-0.013,0.027,-0.183,-0.065,-0.016,0.038,
6.25,0,0,0,0,0,0,0,0,0,-0.028,-0.001,-0.017,-0.013,0.027,-0.183,-0.065,-0.016,0.038,
6.26,0,0,0,0,0,0,0,0,0,-0.028,-0.001,-0.017,-0.013,0.027,-0.183,-0.065,-0.016,0.038,
6.27,0,0,0,0,0,0,0,0,0,-0.028,-0.001,-0.017,-0.013,0.027,-0.183,-0.065,-0.016,0.038,
6.28,0,0,0,0,0,0,0,0,0,0.018,-0.001,-0.017,-0.013,0.027,-0.183,-0.065,-0.016,0.038,
6.29,0,0,0,0,0,0,0,0,0,0.018,-0.001,-0.017,-0.002,0.016,0.011,-0.065,-0.016,0.038,
6.3,0,0,0,0,0,0,0,0,0,0.018,-0.001,-0.017,-0.002,0.016,0.011,-0.008,-0.027,-0.03,
6.31,0,0,0,0,0,0,0,0,0,0.018,-0.001,-0.017,-0.002,0.016,0.011,-0.008,-0.027,-0.03,
6.32,0,0,0,0,0,0,0,0,0,0.018,-0.001,-0.017,-0.002,0.016,0.011,-0.008,-0.027,-0.03,
6.33,0,0,0,0,0,0,0,0,0,0.018,-0.001,-0.017,-0.002,0.016,0.011,-0.008,-0.027,-0.03,
6.34,0,0,0,0,0,0,0,0,0,0.018,-0.001,-0.017,-0.002,0.016,0.011,-0.008,-0.027,-0.03,
6.35,0,0,0,0,0,0,0,0,0,0.007,0.01,-0.005,-0.002,0.016,0.011,-0.008,-0.027,-0.03,
6.36,0,0,0,0,0,0,0,0,0,0.007,0.01,-0.005,-0.024,-0.001,-0.387,0.061,-0.027,-0.03,
6.37,0,0,0,0,0,0,0,0,0,0.007,0.01,-0.005,-0.024,-0.001,-0.387,0.061,-0.004,0.004,
6.38,0,0,0,0,0,0,0,0,0,0.007,0.01,-0.005,-0.024,-0.001,-0.387,0.061,-0.004,0.004,
6.39,0,0,0,0,0,0,0,0,0,0.007,0.01,-0.005,-0.024,-0.001,-0.387,0.061,-0.004,0.004,
6.4,0,0,0,0,0,0,0,0,0,0.007,0.01,-0.005,-0.024,-0.001,-0.387,0.061,-0.004,0.004,
6.41,0,0,0,0,0,0,0,0,0,0.007,0.01,-0.005,-0.024,-0.001,-0.387,0.061,-0.004,0.004,
6.42,0,0,0,0,0,0,0,0,0,0.007,0.01,-0.005,-0.024,-0.001,-0.387,0.061,-0.004,0.004,
6.43,0,0,0,0,0,0,0,0,0,0.007,-0.001,-0.011,-0.007,-0.006,-0.387,0.061,-0.004,0.004,
6.44,0,0,0,0,0,0,0,0,0,0.007,-0.001,-0.011,-0.007,-0.006,-0.514,-0.053,-0.016,0.004,
6.45,0,0,0,0,0,0,0,0,0,0.007,-0.001,-0.011,-0.007,-0.006,-0.514,-0.053,-0.016,-0.007,
6.46,0,0,0,0,0,0,0,0,0,0.007,-0.001,-0.011,-0.007,-0.006,-0.514,-0.053,-0.016,-0.007,
6.47,0,0,0,0,0,0,0,0,0,0.007,-0.001,-0.011,-0.007,-0.006,-0.514,-0.053,-0.016,-0.007,
6.48,0,0,0,0,0,0,0,0,0,0.007,-0.001,-0.011,-0.007,-0.006,-0.514,-0.053,-0.016,-0.007,
6.49,0,0,0,0,0,0,0,0,0,0.007,-0.001,-0.011,-0.007,-0.006,-0.514,-0.053,-0.016,-0.007,
6.5,0,0,0,0,0,0,0,0,0,0.007,-0.012,0,0.038,-0.006,-0.514,-0.053,-0.016,-0.007,
6.51,0,0,0,0,0,0,0,0,0,0.007,-0.012,0,0.038,-0.006,-0.433,0.084,-0.016,-0.007,
6.52,0,0,0,0,0,0,0,0,0,0.007,-0.012,0,0.038,-0.006,-0.433,0.084,0.019,-0.007,
6.53,0,0,0,0,0,0,0,0,0,0.007,-0.012,0,0.038,-0.006,-0.433,0.084,0.019,-0.007,
6.54,0,0,0,0,0,0,0,0,0,0.007,-0.012,0,0.038,-0.006,-0.433,0.084,0.019,-0.007,
6.55,0,0,0,0,0,0,0,0,0,0.007,-0.012,0,0.038,-0.006,-0.433,0.084,0.019,-0.007,
6.56,0,0,0,0,0,0,0,0,0,0.007,-0.012,0,0.038,-0.006,-0.433,0.084,0.019,-0.007,
6.57,0,0,0,0,0,0,0,0,0,-0.073,-0.001,-0.011,0.038,-0.006,-0.433,0.084,0.019,-0.007,
6.58,0,0,0,0,0,0,0,0,0,-0.073,-0.001,-0.011,0.01,-0.012,-0.329,-0.03,0.019,-0.007,
6.59,0,0,0,0,0,0,0,0,0,-0.073,-0.001,-0.011,0.01,-0.012,-0.329,-0.03,-0.016,0.016,
6.6,0,0,0,0,0,0,0,0,0,-0.073,-0.001,-0.011,0.01,-0.012,-0.329,-0.03,-0.016,0.016,
6.61,0,0,0,0,0,0,0,0,0,-0.073,-0.001,-0.011,0.01,-0.012,-0.329,-0.03,-0.016,0.016,
6.62,0,0,0,0,0,0,0,0,0,-0.073,-0.001,-0.011,0.01,-0.012,-0.329,-0.03,-0.016,0.016,
6.63,0,0,0,0,0,0,0,0,0,-0.073,-0.001,-0.011,0.01,-0.012,-0.329,-0.03,-0.016,0.016,
6.64,0,0,0,0,0,0,0,0,0,0.018,0.01,0.012,0.021,-0.012,-0.329,-0.03,-0.016,0.016,
6.65,0,0,0,0,0,0,0,0,0,0.018,0.01,0.012,0.021,0.005,-0.354,-0.008,-0.016,0.016,
6.66,0,0,0,0,0,0,0,0,0,0.018,0.01,0.012,0.021,0.005,-0.354,-0.008,-0.004,-0.007,
6.67,0,0,0,0,0,0,0,0,0,0.018,0.01,0.012,0.021,0.005,-0.354,-0.008,-0.004,-0.007,
6.68,0,0,0,0,0,0,0,0,0,0.018,0.01,0.012,0.021,0.005,-0.354,-0.008,-0.004,-0.007,
6.69,0,0,0,0,0,0,0,0,0,0.018,0.01,0.012,0.021,0.005,-0.354,-0.008,-0.004,-0.007,
6.7,0,0,0,0,0,0,0,0,0,0.018,0.01,0.012,0.021,0.005,-0.354,-0.008,-0.004,-0.007,
6.71,0,0,0,0,0,0,0,0,0,0.018,0.01,0.012,0.021,0.005,-0.354,-0.008,-0.004,-0.007,
6.72,0,0,0,0,0,0,0,0,0,-0.005,0.01,0.017,-0.03,0.005,-0.354,-0.008,-0.004,-0.007,
6.73,0,0,0,0,0,0,0,0,0,-0.005,0.01,0.017,-0.03,-0.023,-0.253,-0.008,-0.004,-0.007,
6.74,0,0,0,0,0,0,0,0,0,-0.005,0.01,0.017,-0.03,-0.023,-0.253,0.027,-0.027,-0.041,
6.75,0,0,0,0,0,0,0,0,0,-0.005,0.01,0.017,-0.03,-0.023,-0.253,0.027,-0.027,-0.041,
6.76,0,0,0,0,0,0,0,0,0,-0.005,0.01,0.017,-0.03,-0.023,-0.253,0.027,-0.027,-0.041,
6.77,0,0,0,0,0,0,0,0,0,-0.005,0.01,0.017,-0.03,-0.023,-0.253,0.027,-0.027,-0.041,
6.78,0,0,0,0,0,0,0,0,0,0.029,0.01,0.017,-0.03,-0.023,-0.253,0.027,-0.027,-0.041,
6.79,0,0,0,0,0,0,0,0,0,0.029,-0.001,0,-0.024,0.005,-0.253,0.027,-0.027,-0.041,
6.8,0,0,0,0,0,0,0,0,0,0.029,-0.001,0,-0.024,0.005,-0.21,-0.03,-0.004,0.004,
6.81,0,0,0,0,0,0,0,0,0,0.029,-0.001,0,-0.024,0.005,-0.21,-0.03,-0.004,0.004,
6.82,0,0,0,0,0,0,0,0,0,0.029,-0.001,0,-0.024,0.005,-0.21,-0.03,-0.004,0.004,
6.83,0,0,0,0,0,0,0,0,0,0.029,-0.001,0,-0.024,0.005,-0.21,-0.03,-0.004,0.004,
6.84,0,0,0,0,0,0,0,0,0,0.029,-0.001,0,-0.024,0.005,-0.21,-0.03,-0.004,0.004,
6.85,0,0,0,0,0,0,0,0,0,-0.073,-0.001,-0.005,-0.018,-0.001,-0.21,-0.03,-0.004,0.004,
6.86,0,0,0,0,0,0,0,0,0,-0.073,-0.001,-0.005,-0.018,-0.001,-0.286,0.027,0.019,0.027,
6.87,0,0,0,0,0,0,0,0,0,-0.073,-0.001,-0.005,-0.018,-0.001,-0.286,0.027,0.019,0.027,
6.88,0,0,0,0,0,0,0,0,0,-0.073,-0.001,-0.005,-0.018,-0.001,-0.286,0.027,0.019,0.027,
6.89,0,0,0,0,0,0,0,0,0,-0.073,-0.001,-0.005,-0.018,-0.001,-0.286,0.027,0.019,0.027,
6.9,0,0,0,0,0,0,0,0,0,-0.073,-0.001,-0.005,-0.018,-0.001,-0.286,0.027,0.019,0.027,
6.91,0,0,0,0,0,0,0,0,0,-0.073,-0.001,-0.005,-0.018,-0.001,-0.286,0.027,0.019,0.027,
6.92,0,0,0,0,0,0,0,0,0,-0.005,0.01,-0.005,-0.018,-0.001,-0.286,0.027,0.019,0.027,
6.93,0,0,0,0,0,0,0,0,0,-0.005,0.01,-0.005,-0.002,-0.012,-0.276,0.004,0.019,0.027,
6.94,0,0,0,0,0,0,0,0,0,-0.005,0.01,-0.005,-0.002,-0.012,-0.276,0.004,-0.004,0.061,
6.95,0,0,0,0,0,0,0,0,0,-0.005,0.01,-0.005,-0.002,-0.012,-0.276,0.004,-0.004,0.061,
6.96,0,0,0,0,0,0,0,0,0,-0.005,0.01,-0.005,-0.002,-0.012,-0.276,0.004,-0.004,0.061,
6.97,0,0,0,0,0,0,0,0,0,-0.005,0.01,-0.005,-0.002,-0.012,-0.276,0.004,-0.004,0.061,
6.98,0,0,0,0,0,0,0,0,0,-0.005,0.01,-0.005,-0.002,-0.012,-0.276,0.004,-0.004,0.061,
6.99,0,0,0,0,0,0,0,0,0,-0.028,-0.001,0,-0.002,-0.012,-0.276,0.004,-0.004,0.061,
7,0,0,0,0,0,0,0,0,0,-0.028,-0.001,0,-0.007,0.033,-0.299,-0.053,-0.004,0.061,
7.01,0,0,0,0,0,0,0,0,0,-0.028,-0.001,0,-0.007,0.033,-0.299,-0.053,0.007,-0.053,
7.02,0,0,0,0,0,0,0,0,0,-0.028,-0.001,0,-0.007,0.033,-0.299,-0.053,0.007,-0.053,
7.03,0,0,0,0,0,0,0,0,0,-0.028,-0.001,0,-0.007,0.033,-0.299,-0.053,0.007,-0.053,
7.04,0,0,0,0,0,0,0,0,0,-0.028,-0.001,0,-0.007,0.033,-0.299,-0.053,0.007,-0.053,
7.05,0,0,0,0,0,0,0,0,0,-0.028,-0.001,0,-0.007,0.033,-0.299,-0.053,0.007,-0.053,
7.06,0,0,0,0,0,0,0,0,0,0.018,-0.012,0,-0.007,0.033,-0.299,-0.053,0.007,-0.053,
7.07,0,0,0,0,0,0,0,0,0,0.018,-0.012,-0.005,-0.024,0.016,-0.329,-0.053,0.007,-0.053,
7.08,0,0,0,0,0,0,0,0,0,0.018,-0.012,-0.005,-0.024,0.016,-0.329,-0.019,0.03,-0.03,
7.09,0,0,0,0,0,0,0,0,0,0.018,-0.012,-0.005,-0.024,0.016,-0.329,-0.019,0.03,-0.03,
7.1,0,0,0,0,0,0,0,0,0,0.018,-0.012,-0.005,-0.024,0.016,-0.329,-0.019,0.03,-0.03,
7.11,0,0,0,0,0,0,0,0,0,0.018,-0.012,-0.005,-0.024,0.016,-0.329,-0.019,0.03,-0.03,
7.12,0,0,0,0,0,0,0,0,0,0.018,-0.012,-0.005,-0.024,0.016,-0.329,-0.019,0.03,-0.03,
7.13,0,0,0,0,0,0,0,0,0,0.018,-0.012,-0.005,-0.024,0.016,-0.329,-0.019,0.03,-0.03,
7.14,0,0,0,0,0,0,0,0,0,-0.028,-0.001,0.034,-0.024,0.016,-0.329,-0.019,0.03,-0.03,
7.15,0,0,0,0,0,0,0,0,0,-0.028,-0.001,0.034,-0.03,-0.001,-0.286,0.049,0.03,-0.03,
7.16,0,0,0,0,0,0,0,0,0,-0.028,-0.001,0.034,-0.03,-0.001,-0.286,0.049,-0.027,0.027,
7.17,0,0,0,0,0,0,0,0,0,-0.028,-0.001,0.034,-0.03,-0.001,-0.286,0.049,-0.027,0.027,
7.18,0,0,0,0,0,0,0,0,0,-0.028,-0.001,0.034,-0.03,-0.001,-0.286,0.049,-0.027,0.027,
7.19,0,0,0,0,0,0,0,0,0,-0.028,-0.001,0.034,-0.03,-0.001,-0.286,0.049,-0.027,0.027,
7.2,0,0,0,0,0,0,0,0,0,-0.028,-0.001,0.034,-0.03,-0.001,-0.286,0.049,-0.027,0.027,
7.21,0,0,0,0,0,0,0,0,0,-0.028,-0.001,0.034,-0.03,-0.001,-0.286,0.049,-0.027,0.027,
7.22,0,0,0,0,0,0,0,0,0,-0.028,-0.001,0.034,-0.03,-0.001,-0.286,0.049,-0.027,0.027,
7.23,0,0,0,0,0,0,0,0,0,-0.028,-0.001,0.034,-0.03,-0.001,-0.286,0.049,-0.027,0.027,
7.24,0,0,0,0,0,0,0,0,0,-0.028,-0.001,0.034,-0.03,-0.001,-0.286,0.049,-0.027,0.027,
7.25,0,0,0,0,0,0,0,0,0,-0.028,-0.001,0.034,-0.03,-0.001,-0.286,0.049,-0.027,0.027,
7.26,0,0,0,0,0,0,0,0,0,-0.028,-0.001,0.034,-0.03,-0.001,-0.286,0.049,-0.027,0.027,
7.27,0,0,0,0,0,0,0,0,0,-0.005,0.01,0.034,-0.03,-0.001,-0.286,0.049,-0.027,0.027,
7.28,0,0,0,0,0,0,0,0,0,-0.005,0.01,0,-0.007,0.011,-0.286,0.049,-0.027,0.027,
7.29,0,0,0,0,0,0,0,0,0,-0.005,0.01,0,-0.007,0.011,-0.737,-0.053,0.007,0.016,
7.3,0,0,0,0,0,0,0,0,0,-0.005,0.01,0,-0.007,0.011,-0.737,-0.053,0.007,0.016,
7.31,0,0,0,0,0,0,0,0,0,-0.005,0.01,0,-0.007,0.011,-0.737,-0.053,0.007,0.016,
7.32,0,0,0,0,0,0,0,0,0,-0.005,0.01,0,-0.007,0.011,-0.737,-0.053,0.007,0.016,
7.33,0,0,0,0,0,0,0,0,0,-0.005,0.01,0,-0.007,0.011,-0.737,-0.053,0.007,0.016,
7.34,0,0,0,0,0,0.01,0,0,0,-0.005,0.01,0,-0.007,0.011,-0.737,-0.053,0.007,0.016,
7.35,0,0,0,0,0,0.01,0,0,0,0.007,-0.001,0,-0.007,0.011,-0.737,-0.053,0.007,0.016,
7.36,0,0,0,0,0,0.01,0,0,0,0.007,-0.001,-0.022,0.004,0.022,-0.595,-0.053,0.007,0.016,
7.37,0,0,0,0,0,0.01,0,0,0,0.007,-0.001,-0.022,0.004,0.022,-0.595,-0.122,-0.004,-0.03,
7.38,0,0,0,0,0,0.01,0,0,0,0.007,-0.001,-0.022,0.004,0.022,-0.595,-0.122,-0.004,-0.03,
7.39,0,0,0,0,0,0.01,0,0,0,0.007,-0.001,-0.022,0.004,0.022,-0.595,-0.122,-0.004,-0.03,
7.4,0,0,0,0,0,0.01,0,0,0,0.007,-0.001,-0.022,0.004,0.022,-0.595,-0.122,-0.004,-0.03,
7.41,0,0,0,0,0,0.01,0,0,0,0.007,-0.001,-0.022,0.004,0.022,-0.595,-0.122,-0.004,-0.03,
7.42,0,0,0,0,0,0.03,0,0,0,0.007,-0.001,-0.022,0.004,0.022,-0.595,-0.122,-0.004,-0.03,
7.43,0,0,0,0,0,0.03,0,0,0,-0.005,-0.012,0.006,0.004,0.022,-0.595,-0.122,-0.004,-0.03,
7.44,0,0,0,0,0,0.03,0,0,0,-0.005,-0.012,0.006,0.004,0.005,-0.721,-0.019,-0.004,-0.03,
7.45,0,0,0,0,0,0.03,0,0,0,-0.005,-0.012,0.006,0.004,0.005,-0.721,-0.019,0.007,0.073,
7.46,0,0,0,0,0,0.03,0,0,0,-0.005,-0.012,0.006,0.004,0.005,-0.721,-0.019,0.007,0.073,
7.47,0,0,0,0,0,0.03,0,0,0,-0.005,-0.012,0.006,0.004,0.005,-0.721,-0.019,0.007,0.073,
7.48,0,0,0,0,0,0.03,0,0,0,-0.005,-0.012,0.006,0.004,0.005,-0.721,-0.019,0.007,0.073,
7.49,0,0,0,0,0,0.06,0,0,0,-0.005,-0.012,0.006,0.004,0.005,-0.721,-0.019,0.007,0.073,
7.5,0,0,0,0,0,0.06,0,0,0,-0.016,-0.012,0.006,0.004,0.005,-0.721,-0.019,0.007,0.073,
7.51,0,0,0,0,0,0.06,0,0,0,-0.016,-0.001,0.017,0.021,0.05,-0.721,-0.019,0.007,0.073,
7.52,0,0,0,0,0,0.06,0,0,0,-0.016,-0.001,0.017,0.021,0.05,-0.696,-0.03,0.007,0.073,
7.53,0,0,0,0,0,0.06,0,0,0,-0.016,-0.001,0.017,0.021,0.05,-0.696,-0.03,0.007,0.027,
7.54,0,0,0,0,0,0.06,0,0,0,-0.016,-0.001,0.017,0.021,0.05,-0.696,-0.03,0.007,0.027,
7.55,0,0,0,0,0,0.06,0,0,0,-0.016,-0.001,0.017,0.021,0.05,-0.696,-0.03,0.007,0.027,
7.56,0,0,0,0,0,0.06,0,0,0,-0.016,-0.001,0.017,0.021,0.05,-0.696,-0.03,0.007,0.027,
7.57,0,0,0,0,0,0.1,0,0,0,-0.016,-0.001,0.017,0.021,0.05,-0.696,-0.03,0.007,0.027,
7.58,0,0,0,0,0,0.1,0,0,0,-0.005,-0.001,0.017,0.021,0.05,-0.696,-0.03,0.007,0.027,
7.59,0,0,0,0,0,0.1,0,0,0,-0.005,-0.001,-0.005,0.021,-0.012,-0.755,-0.03,0.007,0.027,
7.6,0,0,0,0,0,0.1,0,0,0,-0.005,-0.001,-0.005,0.021,-0.012,-0.755,0.004,-0.027,-0.053,
7.61,0,0,0,0,0,0.1,0,0,0,-0.005,-0.001,-0.005,0.021,-0.012,-0.755,0.004,-0.027,-0.053,
7.62,0,0,0,0,0,0.1,0,0,0,-0.005,-0.001,-0.005,0.021,-0.012,-0.755,0.004,-0.027,-0.053,
7.63,0,0,0,0,0,0.1,0,0,0,-0.005,-0.001,-0.005,0.021,-0.012,-0.755,0.004,-0.027,-0.053,
7.64,0,0,0,0,0,0.1,0,0,0,-0.005,-0.001,-0.005,0.021,-0.012,-0.755,0.004,-0.027,-0.053,
7.65,0,0,0,0,0,0.15,0,0,0,-0.005,-0.001,-0.005,0.021,-0.012,-0.755,0.004,-0.027,-0.053,
7.66,0,0,0,0,0,0.15,0,0,0,-0.016,-0.001,0.028,0.021,-0.012,-0.755,0.004,-0.027,-0.053,
7.67,0,0,0,0,0,0.15,0,0,0,-0.016,-0.001,0.028,-0.007,0.016,-0.823,-0.042,-0.027,-0.053,
7.68,0,0,0,0,0,0.15,0,0,0,-0.016,-0.001,0.028,-0.007,0.016,-0.823,-0.042,0.019,0.016,
7.69,0,0,0,0,0,0.15,0,0,0,-0.016,-0.001,0.028,-0.007,0.016,-0.823,-0.042,0.019,0.016,
7.7,0,0,0,0,0,0.15,0,0,0,-0.016,-0.001,0.028,-0.007,0.016,-0.823,-0.042,0.019,0.016,
7.71,0,0,0,0,0,0.15,0,0,0,-0.016,-0.001,0.028,-0.007,0.016,-0.823,-0.042,0.019,0.016,
7.72,0,0,0,0,0,0.21,0,0,0,-0.016,-0.001,0.028,-0.007,0.016,-0.823,-0.042,0.019,0.016,
7.73,0,0,0,0,0,0.21,0,0,0,0.029,-0.012,0.028,-0.007,0.016,-0.823,-0.042,0.019,0.016,
7.74,0,0,0,0,0,0.21,0,0,0,0.029,-0.012,-0.011,0.032,-0.012,-0.809,-0.042,0.019,0.016,
7.75,0,0,0,0,0,0.21,0,0,0,0.029,-0.012,-0.011,0.032,-0.012,-0.809,-0.065,-0.004,-0.053,
7.76,0,0,0,0,0,0.21,0,0,0,0.029,-0.012,-0.011,0.032,-0.012,-0.809,-0.065,-0.004,-0.053,
7.77,0,0,0,0,0,0.21,0,0,0,0.029,-0.012,-0.011,0.032,-0.012,-0.809,-0.065,-0.004,-0.053,
7.78,0,0,0,0,0,0.21,0,0,0,0.029,-0.012,-0.011,0.032,-0.012,-0.809,-0.065,-0.004,-0.053,
7.79,0,0,0,0,0,0.27,0,0,0,0.029,-0.012,-0.011,0.032,-0.012,-0.809,-0.065,-0.004,-0.053,
7.8,0,0,0,0,0,0.27,0,0,0,-0.062,-0.012,-0.011,0.032,-0.012,-0.809,-0.065,-0.004,-0.053,
7.81,0,0,0,0,0,0.27,0,0,0,-0.062,-0.012,0.006,-0.03,-0.001,-0.747,-0.065,-0.004,-0.053,
7.82,0,0,0,0,0,0.27,0,0,0,-0.062,-0.012,0.006,-0.03,-0.001,-0.747,-0.008,0.007,0.027,
7.83,0,0,0,0,0,0.27,0,0,0,-0.062,-0.012,0.006,-0.03,-0.001,-0.747,-0.008,0.007,0.027,
7.84,0,0,0,0,0,0.27,0,0,0,-0.062,-0.012,0.006,-0.03,-0.001,-0.747,-0.008,0.007,0.027,
7.85,0,0,0,0,0,0.27,0,0,0,-0.062,-0.012,0.006,-0.03,-0.001,-0.747,-0.008,0.007,0.027,
7.86,0,0,0,0,0,0.35,0,0,0,-0.062,-0.012,0.006,-0.03,-0.001,-0.747,-0.008,0.007,0.027,
7.87,0,0,0,0,0,0.35,0,0,0,0.007,-0.001,0.006,-0.03,-0.001,-0.747,-0.008,0.007,0.027,
7.88,0,0,0,0,0,0.35,0,0,0,0.007,-0.001,0.017,-0.03,-0.012,-0.747,-0.008,0.007,0.027,
7.89,0,0,0,0,0,0.35,0,0,0,0.007,-0.001,0.017,-0.03,-0.012,-0.537,-0.008,-0.027,-0.03,
7.9,0,0,0,0,0,0.35,0,0,0,0.007,-0.001,0.017,-0.03,-0.012,-0.537,-0.008,-0.027,-0.03,
7.91,0,0,0,0,0,0.35,0,0,0,0.007,-0.001,0.017,-0.03,-0.012,-0.537,-0.008,-0.027,-0.03,
7.92,0,0,0,0,0,0.35,0,0,0,0.007,-0.001,0.017,-0.03,-0.012,-0.537,-0.008,-0.027,-0.03,
7.93,0,0,0,0,0,0.35,0,0,0,0.007,-0.001,0.017,-0.03,-0.012,-0.537,-0.008,-0.027,-0.03,
7.94,0,0,0,0,0,0.43,0,0,0,0.007,-0.001,0.017,-0.03,-0.012,-0.537,-0.008,-0.027,-0.03,
7.95,0,0,0,0,0,0.43,0,0,0,-0.05,0.01,-0.005,0.038,-0.012,-0.537,-0.008,-0.027,-0.03,
7.96,0,0,0,0,0,0.43,0,0,0,-0.05,0.01,-0.005,0.038,-0.023,-0.671,-0.076,0.007,-0.03,
7.97,0,0,0,0,0,0.43,0,0,0,-0.05,0.01,-0.005,0.038,-0.023,-0.671,-0.076,0.007,0.118,
7.98,0,0,0,0,0,0.43,0,0,0,-0.05,0.01,-0.005,0.038,-0.023,-0.671,-0.076,0.007,0.118,
7.99,0,0,0,0,0,0.43,0,0,0,-0.05,0.01,-0.005,0.038,-0.023,-0.671,-0.076,0.007,0.118,
8,0,0,0,0,0,0.43,0,0,0,-0.05,0.01,-0.005,0.038,-0.023,-0.671,-0.076,0.007,0.118,
8.01,0,0,0,0,0,0.51,0,0,0,-0.05,0.01,-0.005,0.038,-0.023,-0.671,-0.076,0.007,0.118,
8.02,0,0,0,0,0,0.51,0,0,0,-0.016,-0.001,0.04,0.038,-0.023,-0.671,-0.076,0.007,0.118,
8.03,0,0,0,0,0,0.51,0,0,0,-0.016,-0.001,0.04,-0.007,-0.006,-0.569,0.072,0.007,0.118,
8.04,0,0,0,0,0,0.51,0,0,0,-0.016,-0.001,0.04,-0.007,-0.006,-0.569,0.072,-0.027,0.107,
8.05,0,0,0,0,0,0.51,0,0,0,-0.016,-0.001,0.04,-0.007,-0.006,-0.569,0.072,-0.027,0.107,
8.059999,0,0,0,0,0,0.51,0,0,0,-0.016,-0.001,0.04,-0.007,-0.006,-0.569,0.072,-0.027,0.107,
8.07,0,0,0,0,0,0.51,0,0,0,-0.016,-0.001,0.04,-0.007,-0.006,-0.569,0.072,-0.027,0.107,
8.08,0,0,0,0,0,0.6,0,0,0,-0.016,-0.001,0.04,-0.007,-0.006,-0.569,0.072,-0.027,0.107,
8.09,0,0,0,0,0,0.6,0,0,0,0.029,-0.001,0.04,-0.007,-0.006,-0.569,0.072,-0.027,0.107,
8.099999,0,0,0,0,0,0.6,0,0,0,0.029,-0.001,-0.011,0.004,-0.018,-0.569,0.072,-0.027,0.107,
8.11,0,0,0,0,0,0.6,0,0,0,0.029,-0.001,-0.011,0.004,-0.018,-0.7,0.004,-0.004,0.107,
8.12,0,0,0,0,0,0.6,0,0,0,0.029,-0.001,-0.011,0.004,-0.018,-0.7,0.004,-0.004,0.016,
8.13,0,0,0,0,0,0.6,0,0,0,0.029,-0.001,-0.011,0.004,-0.018,-0.7,0.004,-0.004,0.016,
8.139999,0,0,0,0,0,0.6,0,0,0,0.029,-0.001,-0.011,0.004,-0.018,-0.7,0.004,-0.004,0.016,
8.15,0,0,0,0,0,0.6,0,0,0,0.029,-0.001,-0.011,0.004,-0.018,-0.7,0.004,-0.004,0.016,
8.16,0,0,0,0,0,0.68,0,0,0,0.029,-0.001,-0.011,0.004,-0.018,-0.7,0.004,-0.004,0.016,
8.17,0,0,0,0,0,0.68,0,0,0,0.018,-0.001,-0.011,0.004,-0.018,-0.7,0.004,-0.004,0.016,
8.179999,0,0,0,0,0,0.68,0,0,0,0.018,-0.001,0.012,-0.013,0.022,-0.7,0.004,-0.004,0.016,
8.19,0,0,0,0,0,0.68,0,0,0,0.018,-0.001,0.012,-0.013,0.022,-0.501,0.038,-0.038,-0.007,
8.2,0,0,0,0,0,0.68,0,0,0,0.018,-0.001,0.012,-0.013,0.022,-0.501,0.038,-0.038,-0.007,
8.21,0,0,0,0,0,0.68,0,0,0,0.018,-0.001,0.012,-0.013,0.022,-0.501,0.038,-0.038,-0.007,
8.22,0,0,0,0,0,0.68,0,0,0,0.018,-0.001,0.012,-0.013,0.022,-0.501,0.038,-0.038,-0.007,
8.23,0,0,0,0,0,0.68,0,0,0,0.018,-0.001,0.012,-0.013,0.022,-0.501,0.038,-0.038,-0.007,
8.24,0,0,0,0,0,0.76,0,0,0,0.018,-0.001,0.012,-0.013,0.022,-0.501,0.038,-0.038,-0.007,
8.25,0,0,0,0,0,0.76,0,0,0,-0.016,-0.001,0,-0.002,0.011,-0.501,0.038,-0.038,-0.007,
8.26,0,0,0,0,0,0.76,0,0,0,-0.016,-0.001,0,-0.002,0.011,-0.526,-0.065,-0.004,-0.03,
8.27,0,0,0,0,0,0.76,0,0,0,-0.016,-0.001,0,-0.002,0.011,-0.526,-0.065,-0.004,-0.03,
8.28,0,0,0,0,0,0.76,0,0,0,-0.016,-0.001,0,-0.002,0.011,-0.526,-0.065,-0.004,-0.03,
8.29,0,0,0,0,0,0.76,0,0,0,-0.016,-0.001,0,-0.002,0.011,-0.526,-0.065,-0.004,-0.03,
8.3,0,0,0,0,0,0.76,0,0,0,-0.016,-0.001,0,-0.002,0.011,-0.526,-0.065,-0.004,-0.03,
8.309999,0,0,0,0,0,0.82,0,0,0,-0.016,-0.001,0,-0.002,0.011,-0.526,-0.065,-0.004,-0.03,
8.32,0,0,0,0,0,0.82,0,0,0,0.018,-0.001,-0.011,0.015,-0.018,-0.526,-0.065,-0.004,-0.03,
8.33,0,0,0,0,0,0.82,0,0,0,0.018,-0.001,-0.011,0.015,-0.018,-0.481,-0.076,0.007,-0.11,
8.34,0,0,0,0,0,0.82,0,0,0,0.018,-0.001,-0.011,0.015,-0.018,-0.481,-0.076,0.007,-0.11,
8.349999,0,0,0,0,0,0.82,0,0,0,0.018,-0.001,-0.011,0.015,-0.018,-0.481,-0.076,0.007,-0.11,
8.36,0,0,0,0,0,0.82,0,0,0,0.018,-0.001,-0.011,0.015,-0.018,-0.481,-0.076,0.007,-0.11,
8.37,0,0,0,0,0,0.86,0,0,0,0.018,-0.001,-0.011,0.015,-0.018,-0.481,-0.076,0.007,-0.11,
8.38,0,0,0,0,0,0.86,0,0,0,0.029,-0.001,-0.005,0.004,-0.001,-0.481,-0.076,0.007,-0.11,
8.389999,0,0,0,0,0,0.86,0,0,0,0.029,-0.001,-0.005,0.004,-0.001,-0.575,-0.042,0.007,-0.11,
8.4,0,0,0,0,0,0.86,0,0,0,0.029,-0.001,-0.005,0.004,-0.001,-0.575,-0.042,0.007,0.073,
8.41,0,0,0,0,0,0.86,0,0,0,0.029,-0.001,-0.005,0.004,-0.001,-0.575,-0.042,0.007,0.073,
8.42,0,0,0,0,0,0.86,0,0,0,0.029,-0.001,-0.005,0.004,-0.001,-0.575,-0.042,0.007,0.073,
8.429999,0,0,0,0,0,0.9,0,0,0,0.029,-0.001,-0.005,0.004,-0.001,-0.575,-0.042,0.007,0.073,
8.44,0,0,0,0,0,0.9,0,0,0,-0.016,-0.001,0,0.004,-0.001,-0.575,-0.042,0.007,0.073,
8.45,0,0,0,0,0,0.9,0,0,0,-0.016,-0.001,0,0.01,0.011,-0.551,-0.042,0.007,0.073,
8.46,0,0,0,0,0,0.9,0,0,0,-0.016,-0.001,0,0.01,0.011,-0.551,-0.042,0.007,0.016,
8.47,0,0,0,0,0,0.9,0,0,0,-0.016,-0.001,0,0.01,0.011,-0.551,-0.042,0.007,0.016,
8.48,0,0,0,0,0,0.9,0,0,0,-0.016,-0.001,0,0.01,0.011,-0.551,-0.042,0.007,0.016,
8.49,0,0,0,0,0,0.9,0,0,0,-0.016,-0.001,0,0.01,0.011,-0.551,-0.042,0.007,0.016,
8.5,0,0,0,0,0,0.94,0,0,0,-0.016,-0.001,0,0.01,0.011,-0.551,-0.042,0.007,0.016,
8.51,0,0,0,0,0,0.94,0,0,0,0.007,-0.001,-0.017,0.01,0.011,-0.551,-0.042,0.007,0.016,
8.52,0,0,0,0,0,0.94,0,0,0,0.007,-0.001,-0.017,0.01,-0.012,-0.452,-0.053,-0.038,0.016,
8.53,0,0,0,0,0,0.94,0,0,0,0.007,-0.001,-0.017,0.01,-0.012,-0.452,-0.053,-0.038,-0.076,
8.54,0,0,0,0,0,0.94,0,0,0,0.007,-0.001,-0.017,0.01,-0.012,-0.452,-0.053,-0.038,-0.076,
8.55,0,0,0,0,0,0.94,0,0,0,0.007,-0.001,-0.017,0.01,-0.012,-0.452,-0.053,-0.038,-0.076,
8.559999,0,0,0,0,0,0.94,0,0,0,0.007,-0.001,-0.017,0.01,-0.012,-0.452,-0.053,-0.038,-0.076,
8.57,0,0,0,0,0,0.96,0,0,0,0.007,-0.001,-0.017,0.01,-0.012,-0.452,-0.053,-0.038,-0.076,
8.58,0,0,0,0,0,0.96,0,0,0,0.018,-0.001,-0.028,0.01,-0.012,-0.452,-0.053,-0.038,-0.076,
8.59,0,0,0,0,0,0.96,0,0,0,0.018,-0.001,-0.028,0.038,0.022,-0.51,-0.03,-0.038,-0.076,
8.599999,0,0,0,0,0,0.96,0,0,0,0.018,-0.001,-0.028,0.038,0.022,-0.51,-0.03,0.007,0.004,
8.61,0,0,0,0,0,0.96,0,0,0,0.018,-0.001,-0.028,0.038,0.022,-0.51,-0.03,0.007,0.004,
8.62,0,0,0,0,0,0.96,0,0,0,0.018,-0.001,-0.028,0.038,0.022,-0.51,-0.03,0.007,0.004,
8.63,0,0,0,0,0,0.96,0,0,0,0.018,-0.001,-0.028,0.038,0.022,-0.51,-0.03,0.007,0.004,
8.639999,0,0,0,0,0,0.98,0,0,0,0.018,-0.001,-0.028,0.038,0.022,-0.51,-0.03,0.007,0.004,
8.65,0,0,0,0,0,0.98,0,0,0,-0.05,-0.012,-0.028,0.038,0.022,-0.51,-0.03,0.007,0.004,
8.66,0,0,0,0,0,0.98,0,0,0,-0.05,-0.012,0.034,0.015,-0.023,-0.51,-0.03,0.007,0.004,
8.67,0,0,0,0,0,0.98,0,0,0,-0.05,-0.012,0.034,0.015,-0.023,-0.43,-0.122,0.03,-0.03,
8.679999,0,0,0,0,0,0.98,0,0,0,-0.05,-0.012,0.034,0.015,-0.023,-0.43,-0.122,0.03,-0.03,
8.69,0,0,0,0,0,0.98,0,0,0,-0.05,-0.012,0.034,0.015,-0.023,-0.43,-0.122,0.03,-0.03,
8.7,0,0,0,0,0,0.98,0,0,0,-0.05,-0.012,0.034,0.015,-0.023,-0.43,-0.122,0.03,-0.03,
8.71,0,0,0,0,0,0.98,0,0,0,-0.05,-0.012,0.034,0.015,-0.023,-0.43,-0.122,0.03,-0.03,
8.72,0,0,0,0,0,0.99,0,0,0,-0.05,-0.012,0.034,0.015,-0.023,-0.43,-0.122,0.03,-0.03,
8.73,0,0,0,0,0,0.99,0,0,0,0.029,-0.001,0,0.015,-0.023,-0.43,-0.122,0.03,-0.03,
8.74,0,0,0,0,0,0.99,0,0,0,0.029,-0.001,0,0.004,-0.001,-0.525,-0.065,0.03,-0.03,
8.75,0,0,0,0,0,0.99,0,0,0,0.029,-0.001,0,0.004,-0.001,-0.525,-0.065,0.019,-0.11,
8.76,0,0,0,0,0,0.99,0,0,0,0.029,-0.001,0,0.004,-0.001,-0.525,-0.065,0.019,-0.11,
8.77,0,0,0,0,0,0.99,0,0,0,0.029,-0.001,0,0.004,-0.001,-0.525,-0.065,0.019,-0.11,
8.78,0,0,0,0,0,0.99,0,0,0,0.029,-0.001,0,0.004,-0.001,-0.525,-0.065,0.019,-0.11,
8.79,0,0,0,0,0,0.99,0,0,0,0.029,-0.001,0,0.004,-0.001,-0.525,-0.065,0.019,-0.11,
8.8,0,0,0,0,0,1,0,0,0,0.029,-0.001,0,0.004,-0.001,-0.525,-0.065,0.019,-0.11,
8.809999,0,0,0,0,0,1,0,0,0,0.029,-0.001,0,0.004,-0.001,-0.525,-0.065,0.019,-0.11,
8.82,0,0,0,0,0,1,0,0,0,0.029,-0.001,0,0.004,-0.001,-0.525,-0.065,0.019,-0.11,
8.83,0,0,0,0,0,1,0,0,0,-0.005,0.021,0,0.004,-0.001,-0.525,-0.065,0.019,-0.11,
8.84,0,0,0,0,0,1,0,0,0,-0.005,0.021,0.023,-0.035,-0.006,-0.525,-0.065,0.019,-0.11,
8.849999,0,0,0,0,0,1,0,0,0,-0.005,0.021,0.023,-0.035,-0.006,1.523,0.004,0.019,-0.11,
8.86,0,0,0,0,0,1,0,0,0,-0.005,0.021,0.023,-0.035,-0.006,1.523,0.004,0.019,-0.11,
8.87,0,0,0,0,0,1,0,0,0,-0.005,0.021,0.023,-0.035,-0.006,1.523,0.004,0.019,-0.11,
8.88,0,0,0,0,0,1,0,0,0,-0.005,0.021,0.023,-0.035,-0.006,1.523,0.004,0.019,-0.11,
8.889999,0,0,0,0,0,1,0,0,0,-0.005,0.021,0.023,-0.035,-0.006,1.523,0.004,0.019,-0.11,
8.9,0,0,0,0,0,0.92,0,0,0,-0.005,0.021,0.023,-0.035,-0.006,1.523,0.004,0.019,-0.11,
8.91,0,0,0,0,0,0.92,0,0,0,-0.039,-0.001,0.006,-0.035,-0.006,1.523,0.004,0.019,-0.11,
8.92,0,0,0,0,0,0.92,0,0,0,-0.039,-0.001,0.006,-0.002,0.011,1.777,0.004,0.019,-0.11,
8.929999,0,0,0,0,0,0.92,0,0,0,-0.039,-0.001,0.006,-0.002,0.011,1.777,-0.042,0.007,-0.053,
8.94,0,0,0,0,0,0.92,0,0,0,-0.039,-0.001,0.006,-0.002,0.011,1.777,-0.042,0.007,-0.053,
8.95,0,0,0,0,0,0.92,0,0,0,-0.039,-0.001,0.006,-0.002,0.011,1.777,-0.042,0.007,-0.053,
8.96,0,0,0,0,0,0.92,0,0,0,-0.039,-0.001,0.006,-0.002,0.011,1.777,-0.042,0.007,-0.053,
8.97,0,0,0,0,0,0.71,0,0,0,-0.039,-0.001,0.006,-0.002,0.011,1.777,-0.042,0.007,-0.053,
8.98,0,0,0,0,0,0.71,0,0,0,-0.05,-0.001,0.006,-0.002,0.011,1.777,-0.042,0.007,-0.053,
8.99,0,0,0,0,0,0.71,0,0,0,-0.05,-0.001,-0.022,-0.018,-0.012,1.777,-0.042,0.007,-0.053,
9,0,0,0,0,0,0.71,0,0,0,-0.05,-0.001,-0.022,-0.018,-0.012,1.164,-0.076,-0.027,-0.053,
9.01,0,0,0,0,0,0.71,0,0,0,-0.05,-0.001,-0.022,-0.018,-0.012,1.164,-0.076,-0.027,-0.133,
9.02,0,0,0,0,0,0.71,0,0,0,-0.05,-0.001,-0.022,-0.018,-0.012,1.164,-0.076,-0.027,-0.133,
9.03,0,0,0,0,0,0.71,0,0,0,-0.05,-0.001,-0.022,-0.018,-0.012,1.164,-0.076,-0.027,-0.133,
9.04,0,0,0,0,0,0.71,0,0,0,-0.05,-0.001,-0.022,-0.018,-0.012,1.164,-0.076,-0.027,-0.133,
9.05,0,0,0,0,0,0.37,0,0,0,-0.05,-0.001,-0.022,-0.018,-0.012,1.164,-0.076,-0.027,-0.133,
9.059999,0,0,0,0,0,0.37,0,0,0,-0.05,-0.001,-0.017,-0.018,-0.012,1.164,-0.076,-0.027,-0.133,
9.07,0,0,0,0,0,0.37,0,0,0,-0.05,-0.001,-0.017,-0.024,0.022,-2.953,-0.076,-0.027,-0.133,
9.08,0,0,0,0,0,0.37,0,0,0,-0.05,-0.001,-0.017,-0.024,0.022,-2.953,0.049,0.007,-0.03,
9.09,0,0,0,0,0,0.37,0,0,0,-0.05,-0.001,-0.017,-0.024,0.022,-2.953,0.049,0.007,-0.03,
9.099999,0,0,0,0,0,0.37,0,0,0,-0.05,-0.001,-0.017,-0.024,0.022,-2.953,0.049,0.007,-0.03,
9.11,0,0,0,0,0,0.37,0,0,0,-0.05,-0.001,-0.017,-0.024,0.022,-2.953,0.049,0.007,-0.03,
9.12,0,0,0,0,0,0.37,0,0,0,-0.05,-0.001,-0.017,-0.024,0.022,-2.953,0.049,0.007,-0.03,
9.13,0,0,0,0,0,0.37,0,0,0,-0.05,-0.001,-0.017,-0.024,0.022,-2.953,0.049,0.007,-0.03,
9.139999,0,0,0,0,0,0.37,0,0,0,-0.05,-0.001,-0.017,-0.024,0.022,-2.953,0.049,0.007,-0.03,
9.15,0,0,0,0,0,0,0,0,0,-0.05,-0.001,-0.017,-0.024,0.022,-2.953,0.049,0.007,-0.03,
9.16,0,0,0,0,0,0,0,0,0,-0.05,-0.001,-0.017,-0.024,0.022,-2.953,0.049,0.007,-0.03,
9.17,0,0,0,0,0,0,0,0,0,-0.039,-0.001,-0.005,-0.013,0.022,-2.953,0.049,0.007,-0.03,
9.179999,0,0,0,0,0,0,0,0,0,-0.039,-0.001,-0.005,-0.013,-0.001,-0.382,0.072,0.007,-0.03,
9.19,0,0,0,0,0,0,0,0,0,-0.039,-0.001,-0.005,-0.013,-0.001,-0.382,0.072,-0.004,-0.007,
9.2,0,0,0,0,0,0,0,0,0,-0.039,-0.001,-0.005,-0.013,-0.001,-0.382,0.072,-0.004,-0.007,
9.21,0,0,0,0,0,0,0,0,0,-0.039,-0.001,-0.005,-0.013,-0.001,-0.382,0.072,-0.004,-0.007,
9.22,0,0,0,0,0,0,0,0,0,-0.039,-0.001,-0.005,-0.013,-0.001,-0.382,0.072,-0.004,-0.007,
9.23,0,0,0,0,0,0,0,0,0,-0.039,-0.001,-0.005,-0.013,-0.001,-0.382,0.072,-0.004,-0.007,
9.24,0,0,0,0,0,0,0,0,0,0.029,-0.001,-0.005,-0.013,-0.001,-0.382,0.072,-0.004,-0.007,
9.25,0,0,0,0,0,0,0,0,0,0.029,-0.001,0,0.032,-0.04,-0.382,0.072,-0.004,-0.007,
9.26,0,0,0,0,0,0,0,0,0,0.029,-0.001,0,0.032,-0.04,-0.203,-0.03,-0.016,-0.019,
9.27,0,0,0,0,0,0,0,0,0,0.029,-0.001,0,0.032,-0.04,-0.203,-0.03,-0.016,-0.019,
9.28,0,0,0,0,0,0,0,0,0,0.029,-0.001,0,0.032,-0.04,-0.203,-0.03,-0.016,-0.019,
9.29,0,0,0,0,0,0,0,0,0,0.029,-0.001,0,0.032,-0.04,-0.203,-0.03,-0.016,-0.019,
9.3,0,0,0,0,0,0,0,0,0,0.029,-0.001,0,0.032,-0.04,-0.203,-0.03,-0.016,-0.019,
9.309999,0,0,0,0,0,0,0,0,0,0.029,-0.001,0,0.032,-0.04,-0.203,-0.03,-0.016,-0.019,
9.32,0,0,0,0,0,0,0,0,0,-0.005,0.01,0.04,0.032,-0.04,-0.203,-0.03,-0.016,-0.019,
9.33,0,0,0,0,0,0,0,0,0,-0.005,0.01,0.04,0.015,-0.012,-0.105,-0.03,-0.016,-0.019,
9.34,0,0,0,0,0,0,0,0,0,-0.005,0.01,0.04,0.015,-0.012,-0.105,-0.053,-0.016,0.038,
9.349999,0,0,0,0,0,0,0,0,0,-0.005,0.01,0.04,0.015,-0.012,-0.105,-0.053,-0.016,0.038,
9.36,0,0,0,0,0,0,0,0,0,-0.005,0.01,0.04,0.015,-0.012,-0.105,-0.053,-0.016,0.038,
9.37,0,0,0,0,0,0,0,0,0,-0.005,0.01,0.04,0.015,-0.012,-0.105,-0.053,-0.016,0.038,
9.38,0,0,0,0,0,0,0,0,0,-0.005,0.01,0.04,0.015,-0.012,-0.105,-0.053,-0.016,0.038,
9.389999,0,0,0,0,0,0,0,0,0,-0.005,0.01,0.04,0.015,-0.012,-0.105,-0.053,-0.016,0.038,
9.4,0,0,0,0,0,0,0,0,0,-0.005,0.01,0.034,0.021,-0.012,-0.285,-0.053,-0.016,0.038,
9.41,0,0,0,0,0,0,0,0,0,-0.005,0.01,0.034,0.021,-0.012,-0.285,-0.008,-0.004,-0.007,
9.42,0,0,0,0,0,0,0,0,0,-0.005,0.01,0.034,0.021,-0.012,-0.285,-0.008,-0.004,-0.007,
9.429999,0,0,0,0,0,0,0,0,0,-0.005,0.01,0.034,0.021,-0.012,-0.285,-0.008,-0.004,-0.007,
9.44,0,0,0,0,0,0,0,0,0,-0.005,0.01,0.034,0.021,-0.012,-0.285,-0.008,-0.004,-0.007,
9.45,0,0,0,0,0,0,0,0,0,-0.005,0.01,0.034,0.021,-0.012,-0.285,-0.008,-0.004,-0.007,
9.46,0,0,0,0,0,0,0,0,0,0.029,-0.012,0.034,0.021,-0.012,-0.285,-0.008,-0.004,-0.007,
9.469999,0,0,0,0,0,0,0,0,0,0.029,-0.012,0,0.004,0.005,-0.352,-0.008,-0.004,-0.007,
9.48,0,0,0,0,0,0,0,0,0,0.029,-0.012,0,0.004,0.005,-0.352,0.004,0.007,0.027,
9.49,0,0,0,0,0,0,0,0,0,0.029,-0.012,0,0.004,0.005,-0.352,0.004,0.007,0.027,
9.5,0,0,0,0,0,0,0,0,0,0.029,-0.012,0,0.004,0.005,-0.352,0.004,0.007,0.027,
9.51,0,0,0,0,0,0,0,0,0,0.029,-0.012,0,0.004,0.005,-0.352,0.004,0.007,0.027,
9.52,0,0,0,0,0,0,0,0,0,0.029,-0.012,0,0.004,0.005,-0.352,0.004,0.007,0.027,
9.53,0,0,0,0,0,0,0,0,0,-0.05,-0.012,0,0.004,0.005,-0.352,0.004,0.007,0.027,
9.54,0,0,0,0,0,0,0,0,0,-0.05,-0.001,-0.011,0.01,0.016,-0.352,0.004,0.007,0.027,
9.55,0,0,0,0,0,0,0,0,0,-0.05,-0.001,-0.011,0.01,0.016,-0.31,0.072,-0.004,-0.11,
9.559999,0,0,0,0,0,0,0,0,0,-0.05,-0.001,-0.011,0.01,0.016,-0.31,0.072,-0.004,-0.11,
9.57,0,0,0,0,0,0,0,0,0,-0.05,-0.001,-0.011,0.01,0.016,-0.31,0.072,-0.004,-0.11,
9.58,0,0,0,0,0,0,0,0,0,-0.05,-0.001,-0.011,0.01,0.016,-0.31,0.072,-0.004,-0.11,
9.59,0,0,0,0,0,0,0,0,0,-0.05,-0.001,-0.011,0.01,0.016,-0.31,0.072,-0.004,-0.11,
9.599999,0,0,0,0,0,0,0,0,0,-0.05,-0.001,-0.011,0.01,0.016,-0.31,0.072,-0.004,-0.11,
9.61,0,0,0,0,0,0,0,0,0,-0.05,-0.001,-0.011,0.01,0.016,-0.31,0.072,-0.004,-0.11,
9.62,0,0,0,0,0,0,0,0,0,-0.05,-0.001,-0.011,0.01,0.016,-0.31,0.072,-0.004,-0.11,
9.63,0,0,0,0,0,0,0,0,0,-0.05,-0.001,-0.011,0.01,0.016,-0.31,0.072,-0.004,-0.11,
9.639999,0,0,0,0,0,0,0,0,0,0.029,-0.001,-0.011,0.01,0.016,-0.31,0.072,-0.004,-0.11,
9.65,0,0,0,0,0,0,0,0,0,0.029,-0.001,0.006,-0.007,-0.018,-0.276,0.072,-0.004,-0.11,
9.66,0,0,0,0,0,0,0,0,0,0.029,-0.001,0.006,-0.007,-0.018,-0.276,-0.042,-0.038,0.016,
9.67,0,0,0,0,0,0,0,0,0,0.029,-0.001,0.006,-0.007,-0.018,-0.276,-0.042,-0.038,0.016,
9.679999,0,0,0,0,0,0,0,0,0,0.029,-0.001,0.006,-0.007,-0.018,-0.276,-0.042,-0.038,0.016,
9.69,0,0,0,0,0,0,0,0,0,0.029,-0.001,0.006,-0.007,-0.018,-0.276,-0.042,-0.038,0.016,
9.7,0,0,0,0,0,0,0,0,0,0.029,-0.001,0.006,-0.007,-0.018,-0.276,-0.042,-0.038,0.016,
9.71,0,0,0,0,0,0,0,0,0,-0.05,-0.001,0.006,-0.007,-0.018,-0.276,-0.042,-0.038,0.016,
9.719999,0,0,0,0,0,0,0,0,0,-0.05,-0.001,0.023,-0.013,-0.018,-0.367,-0.042,-0.038,0.016,
9.73,0,0,0,0,0,0,0,0,0,-0.05,-0.001,0.023,-0.013,-0.018,-0.367,-0.03,-0.027,-0.098,
9.74,0,0,0,0,0,0,0,0,0,-0.05,-0.001,0.023,-0.013,-0.018,-0.367,-0.03,-0.027,-0.098,
9.75,0,0,0,0,0,0,0,0,0,-0.05,-0.001,0.023,-0.013,-0.018,-0.367,-0.03,-0.027,-0.098,
9.76,0,0,0,0,0,0,0,0,0,-0.05,-0.001,0.023,-0.013,-0.018,-0.367,-0.03,-0.027,-0.098,
9.77,0,0,0,0,0,0,0,0,0,-0.05,-0.001,0.023,-0.013,-0.018,-0.367,-0.03,-0.027,-0.098,
9.78,0,0,0,0,0,0,0,0,0,-0.016,-0.001,0.023,-0.013,-0.018,-0.367,-0.03,-0.027,-0.098,
9.79,0,0,0,0,0,0,0,0,0,-0.016,-0.001,0.034,-0.03,-0.012,-0.367,-0.03,-0.027,-0.098,
9.8,0,0,0,0,0,0,0,0,0,-0.016,-0.001,0.034,-0.03,-0.012,-0.367,-0.03,0.007,-0.019,
9.809999,0,0,0,0,0,0,0,0,0,-0.016,-0.001,0.034,-0.03,-0.012,-0.367,-0.03,0.007,-0.019,
9.82,0,0,0,0,0,0,0,0,0,-0.016,-0.001,0.034,-0.03,-0.012,-0.367,-0.03,0.007,-0.019,
9.83,0,0,0,0,0,0,0,0,0,-0.016,-0.001,0.034,-0.03,-0.012,-0.367,-0.03,0.007,-0.019,
9.84,0,0,0,0,0,0,0,0,0,-0.016,-0.001,0.034,-0.03,-0.012,-0.367,-0.03,0.007,-0.019,
9.849999,0,0,0,0,0,0,0,0,0,-0.05,-0.001,0.034,-0.03,-0.012,-0.367,-0.03,0.007,-0.019,
9.86,0,0,0,0,0,0,0,0,0,-0.05,-0.001,-0.028,-0.002,0.033,-0.39,-0.03,0.007,-0.019,
9.87,0,0,0,0,0,0,0,0,0,-0.05,-0.001,-0.028,-0.002,0.033,-0.39,-0.087,0.053,0.016,
9.88,0,0,0,0,0,0,0,0,0,-0.05,-0.001,-0.028,-0.002,0.033,-0.39,-0.087,0.053,0.016,
9.889999,0,0,0,0,0,0,0,0,0,-0.05,-0.001,-0.028,-0.002,0.033,-0.39,-0.087,0.053,0.016,
9.9,0,0,0,0,0,0,0,0,0,-0.05,-0.001,-0.028,-0.002,0.033,-0.39,-0.087,0.053,0.016,
9.91,0,0,0,0,0,0,0,0,0,-0.05,-0.001,-0.028,-0.002,0.033,-0.39,-0.087,0.053,0.016,
9.92,0,0,0,0,0,0,0,0,0,-0.039,-0.012,-0.011,-0.007,0.033,-0.39,-0.087,0.053,0.016,
9.929999,0,0,0,0,0,0,0,0,0,-0.039,-0.012,-0.011,-0.007,0.011,-0.4,-0.019,-0.016,0.016,
9.94,0,0,0,0,0,0,0,0,0,-0.039,-0.012,-0.011,-0.007,0.011,-0.4,-0.019,-0.016,0.016,
9.95,0,0,0,0,0,0,0,0,0,-0.039,-0.012,-0.011,-0.007,0.011,-0.4,-0.019,-0.016,0.016,
9.96,0,0,0,0,0,0,0,0,0,-0.039,-0.012,-0.011,-0.007,0.011,-0.4,-0.019,-0.016,0.016,
9.969999,0,0,0,0,0,0,0,0,0,0.007,-0.012,-0.011,-0.007,0.011,-0.4,-0.019,-0.016,0.016,
9.98,0,0,0,0,0,0,0,0,0,0.007,-0.001,0.045,0.004,0.005,-0.466,-0.019,-0.016,0.016,
9.99,0,0,0,0,0,0,0,0,0,0.007,-0.001,0.045,0.004,0.005,-0.466,-0.076,0.007,-0.03,
